Actual,Predicted,Error
0.0,-0.02214924,0.022149240598082542
0.0,0.0011763761,-0.0011763761285692453
0.0,0.05853343,-0.058533430099487305
0.0,0.001706873,-0.0017068729503080249
3.829,3.4762645,0.35273552322387713
0.098,0.22588661,-0.12788661313056945
0.0,-0.0031420859,0.0031420858576893806
0.0,-0.021642921,0.02164292149245739
0.0,0.33521074,-0.33521074056625366
0.029,0.76682806,-0.7378280601501465
0.0,-0.018139781,0.018139781430363655
0.0,-0.18454862,0.18454861640930176
0.0,0.0072711403,-0.007271140348166227
0.0,0.0072922558,-0.007292255759239197
0.0,-0.04296417,0.04296417161822319
0.0,0.0048210314,-0.004821031354367733
0.0,-0.016356213,0.01635621301829815
0.0,-0.017688436,0.017688436433672905
0.0,-0.015362025,0.015362025238573551
0.051,0.17593895,-0.1249389489889145
0.0,-0.029633747,0.029633747413754463
0.655,0.42929518,0.22570481777191165
0.0,-0.001795335,0.0017953349743038416
0.0,-0.022777682,0.022777682170271873
0.0,-0.009826487,0.009826486930251122
0.0,-0.008536471,0.00853647105395794
0.0,-0.0065969178,0.006596917752176523
0.0,0.010440975,-0.010440975427627563
2.954,2.4834783,0.47052169227600116
0.0,-0.010230588,0.010230587795376778
0.0,0.010786997,-0.01078699715435505
35.725,33.67431,2.0506912231445327
0.0,0.029428525,-0.029428524896502495
0.0,0.2744633,-0.2744632959365845
0.0,-0.0004953291,0.0004953290917910635
0.0,-0.016140157,0.016140157356858253
1.162,0.9341748,0.22782522392272941
0.0,-0.030757053,0.030757052823901176
1.483,2.4374237,-0.9544237060546874
0.0,0.3691107,-0.36911070346832275
0.04,0.26691502,-0.22691502332687377
1.559,1.2462786,0.3127213563919067
0.0,-0.010566819,0.010566819459199905
0.052,-0.059637394,0.1116373938024044
0.0,-0.015417593,0.015417592599987984
0.0,-0.008272155,0.008272155188024044
0.0,0.050060213,-0.0500602126121521
0.0,0.003820166,-0.003820165991783142
0.0,-0.018695774,0.0186957735568285
0.08,0.22327644,-0.14327643632888792
0.0,0.48473483,-0.48473483324050903
0.0,-0.0064334343,0.006433434318751097
0.0,-0.03804121,0.038041211664676666
0.0,-0.010566819,0.010566819459199905
0.0,-0.006054513,0.006054513156414032
0.0,-0.024132533,0.024132532998919487
0.0,0.26147434,-0.2614743411540985
0.0,-0.0017857224,0.0017857224447652698
0.0,0.43697134,-0.4369713366031647
2.112,1.7243229,0.3876770849227906
0.0,-0.00222602,0.0022260199766606092
1.165,1.0535591,0.11144093513488773
1.171,1.4311808,-0.2601808347702026
0.0,0.014639169,-0.014639168977737427
0.0,-0.024037609,0.02403760887682438
0.0,-0.05691417,0.05691416934132576
0.539,0.4068156,0.13218441152572635
0.0,0.075845115,-0.07584511488676071
0.0,-0.002501182,0.0025011820252984762
0.0,-0.25041142,0.25041142106056213
0.0,-0.032768354,0.03276835381984711
0.0,-0.020344106,0.02034410648047924
0.0,-0.0027553858,0.00275538582354784
0.0,-0.004213528,0.004213527776300907
0.065,0.14552651,-0.08052651345729828
0.0,-0.07908209,0.07908208668231964
0.0,0.014441131,-0.014441130682826042
0.0,0.12616578,-0.12616577744483948
0.277,0.3819689,-0.10496888566017148
0.0,-0.016356213,0.01635621301829815
0.0,0.001342962,-0.0013429620303213596
1.395,1.5134196,-0.11841962814331053
0.0,-0.0040957797,0.004095779731869698
0.0,0.001964657,-0.001964657101780176
0.0,-0.011856912,0.011856911703944206
0.0,0.025864758,-0.02586475759744644
0.0,-0.013386536,0.01338653638958931
0.0,0.029428525,-0.029428524896502495
0.0,-0.037601538,0.037601538002491
0.0,-0.015695121,0.01569512113928795
0.0,-0.011692892,0.011692891828715801
8.673,8.733934,-0.06093440246582027
0.086,0.26577225,-0.1797722532749176
0.0,0.08396913,-0.0839691311120987
0.0,0.020383537,-0.02038353681564331
0.046,0.041353967,0.004646032959222793
0.0,-0.0030544626,0.003054462606087327
0.0,-0.04493841,0.04493841156363487
0.0,-0.03866935,0.03866935148835182
0.0,0.01672604,-0.016726039350032806
0.0,0.0048210314,-0.004821031354367733
0.0,0.004525355,-0.004525355063378811
1.657,0.84308654,0.8139134593009949
0.0,-0.030041192,0.03004119172692299
0.0,0.0077694408,-0.007769440766423941
0.0,0.050432596,-0.05043259635567665
0.0,-0.019411633,0.019411632791161537
0.0,-0.0038579078,0.0038579078391194344
0.0,0.0048868526,-0.004886852577328682
0.0,0.052038968,-0.05203896760940552
0.862,0.88556606,-0.023566055774688732
0.0,-0.021069394,0.021069394424557686
0.0,-0.002501182,0.0025011820252984762
0.0,0.055064764,-0.055064763873815536
0.0,0.0035243365,-0.0035243364982306957
0.0,-0.005417667,0.0054176668636500835
0.0,0.19006999,-0.1900699883699417
0.0,0.04534275,-0.04534275084733963
0.0,-0.022955304,0.022955304011702538
0.0,0.0048210314,-0.004821031354367733
0.0,-0.015377789,0.015377788804471493
0.0,-0.15769151,0.15769150853157043
0.081,0.047234796,0.033765204012393954
0.0,0.01202715,-0.012027150020003319
0.32,0.5071974,-0.18719738006591796
0.172,0.30235365,-0.1303536503314972
0.0,-0.017661523,0.017661523073911667
0.0,-0.019994283,0.019994283095002174
0.0,-0.0145724565,0.01457245647907257
0.0,0.06028456,-0.060284558683633804
0.0,0.05150606,-0.05150606110692024
0.0,-0.012903318,0.01290331780910492
0.367,0.30916485,0.05783514809608459
38.928,35.520954,3.407045867919919
10.062,7.8271294,2.2348706359863275
0.0,-0.0093810465,0.009381046518683434
0.0,-0.036054682,0.03605468198657036
0.429,0.4520579,-0.02305789804458619
0.0,0.07346984,-0.07346983999013901
0.0,-0.15881999,0.1588199883699417
25.156,18.436031,6.719968658447264
0.025,0.030649547,-0.005649546533823012
0.0,-0.014430656,0.014430656097829342
0.0,-0.058071293,0.05807129293680191
0.0,0.045592062,-0.045592062175273895
13.341,14.845279,-1.5042787399292
0.314,0.122497395,0.19150260531902313
0.0,0.04125532,-0.041255321353673935
0.0,0.004525355,-0.004525355063378811
0.0,-0.008407722,0.008407722227275372
0.0,0.05853343,-0.058533430099487305
0.0,-0.003785884,0.0037858840078115463
0.0,0.0023936795,-0.0023936794605106115
3.99,3.8099763,0.18002366065979025
0.042,0.077429675,-0.03542967456579208
0.121,0.08846363,0.032536373198032376
0.0,-0.022955304,0.022955304011702538
0.0,0.053181462,-0.05318146198987961
0.0,-0.01780751,0.017807509750127792
0.214,0.24780683,-0.03380683219432831
0.0,-0.013864002,0.0138640021905303
0.0,0.055790182,-0.05579018220305443
0.0,0.0051847156,-0.005184715613722801
0.0,-0.008635835,0.00863583479076624
0.983,1.3688922,-0.3858921928405762
0.0,-0.0164317,0.016431700438261032
19.437,20.072416,-0.635416305541991
0.0,0.05112649,-0.05112649127840996
2.196,2.701332,-0.5053320922851561
0.222,0.76648337,-0.5444833664894104
0.0,-0.095798485,0.09579848498106003
0.0,0.10119607,-0.10119607299566269
0.0,0.12616578,-0.12616577744483948
0.0,0.00184919,-0.0018491899827495217
0.0,-0.0167238,0.01672380045056343
0.018,0.07354725,-0.055547251522541044
1.201,1.1876975,0.013302470207214423
0.0,-0.12231468,0.12231467664241791
0.308,0.4559504,-0.14795040917396546
0.0,-0.0036344107,0.0036344106774777174
0.273,0.4221344,-0.14913439941406248
0.0,-0.058434978,0.05843497812747955
0.0,0.0022055514,-0.0022055513691157103
0.0,-0.01871169,0.018711689859628677
0.0,0.00081898016,-0.0008189801592379808
0.0,0.004403855,-0.004403855185955763
0.0,-0.0013597809,0.0013597809011116624
0.363,-0.98754376,1.350543761730194
0.044,-0.023213014,0.06721301400661468
0.0,0.07227487,-0.07227487117052078
0.0,-0.0037649812,0.003764981171116233
0.0,0.0072711403,-0.007271140348166227
0.0,-0.009619689,0.009619688615202904
0.0,-0.0045371666,0.004537166561931372
0.0,-0.009826487,0.009826486930251122
0.0,-0.01574164,0.015741640701889992
0.11,0.30302405,-0.1930240535736084
0.036,0.27325428,-0.23725427532196044
4.933,4.4169683,0.51603165435791
0.0,-0.0127230575,0.01272305753082037
5.063,3.9831269,1.0798731212615964
0.087,0.044797737,0.04220226284861564
0.0,-0.008810023,0.008810022845864296
0.411,0.47251454,-0.06151453995704653
0.0,-0.009136419,0.00913641881197691
0.007,0.1574508,-0.150450795173645
0.0,-0.009289998,0.0092899976298213
0.0,-0.030218542,0.030218541622161865
0.0,-0.005293474,0.005293474067002535
0.0,0.04142209,-0.04142209142446518
0.0,0.050632995,-0.05063299462199211
0.0,-0.039721645,0.039721645414829254
0.0,0.0023936795,-0.0023936794605106115
0.0,0.14461553,-0.1446155309677124
0.0,6.919308e-05,-6.91930836183019e-05
0.0,0.025081364,-0.025081364437937737
0.0,-0.0047949227,0.004794922657310963
0.0,-0.0145724565,0.01457245647907257
0.0,0.00047955697,-0.0004795569693669677
0.0,-0.011702508,0.011702507734298706
1.211,1.248376,-0.03737601184844963
0.0,0.028284375,-0.028284374624490738
0.394,0.63842726,-0.24442725753784178
0.0,-0.010115971,0.010115970857441425
0.0,-0.008611637,0.00861163716763258
0.0,0.012663421,-0.012663421221077442
7.102,7.2587395,-0.15673947143554656
0.0,-0.0031420859,0.0031420858576893806
11.527,15.724769,-4.197768638610841
0.011,0.0831188,-0.07211879634857178
0.0,-0.01437553,0.014375530183315277
0.138,0.14078924,-0.0027892405986785773
0.0,0.08785578,-0.08785577863454819
0.0,-0.03409705,0.03409704938530922
0.0,-0.023812674,0.0238126739859581
0.0,0.001706873,-0.0017068729503080249
0.0,0.0014997222,-0.001499722246080637
0.0,-0.007949469,0.007949468679726124
0.0,0.080328785,-0.08032878488302231
0.0,0.0784066,-0.07840660214424133
0.062,0.09271942,-0.030719420790672303
0.0,0.32577354,-0.32577353715896606
0.008,-0.00212054,0.010120540011674166
0.0,0.01961733,-0.01961733028292656
0.0,0.0022055514,-0.0022055513691157103
0.0,-0.0612377,0.061237700283527374
0.0,0.40217778,-0.4021777808666229
0.0,0.09299915,-0.09299915283918381
0.0,0.08706578,-0.08706577867269516
0.0,-0.0127230575,0.01272305753082037
0.0,0.050068907,-0.05006890743970871
0.0,-0.024627158,0.024627158418297768
1.441,1.6458594,-0.2048593606948852
0.0,-0.011704591,0.011704591102898121
4.32,4.6195927,-0.2995926666259763
1.309,1.1537242,0.1552758064270019
0.039,-0.011542247,0.05054224667698145
0.0,0.089223474,-0.0892234742641449
0.015,0.06498867,-0.049988672733306885
0.0,0.020402145,-0.020402144640684128
0.0,0.15823586,-0.15823586285114288
0.525,0.7808712,-0.25587121248245237
0.0,0.09609519,-0.09609518945217133
5.838,4.4511547,1.3868452911376954
0.0,-0.014616309,0.014616308733820915
0.0,-0.01165555,0.011655550450086594
0.0,-0.011153432,0.011153431609272957
0.0,-0.012120467,0.01212046667933464
0.0,-0.011282679,0.011282678693532944
0.0,0.098324545,-0.09832454472780228
0.0,-0.009136419,0.00913641881197691
3.561,3.2310119,0.3299881324768066
28.267,24.630323,3.6366765899658198
0.0,-0.009255688,0.009255687706172466
0.659,0.72045577,-0.0614557657241821
0.0,-0.007305224,0.00730522396042943
0.0,0.0024839237,-0.002483923686668277
0.0,0.012323556,-0.012323555536568165
0.589,0.6039325,-0.014932499885559114
0.0,0.059842125,-0.059842124581336975
0.0,-0.032423045,0.03242304548621178
2.818,2.7009897,0.11701027679443365
0.0,-0.0030544626,0.003054462606087327
0.0,-0.0060586617,0.006058661732822657
0.0,-0.019994283,0.019994283095002174
0.0,0.21730836,-0.21730835735797882
0.0,-0.0066786595,0.0066786594688892365
0.0,0.0048210314,-0.004821031354367733
0.0,0.06286119,-0.06286118924617767
0.0,0.006673299,-0.00667329877614975
0.0,-0.0043302593,0.004330259282141924
0.0,-0.03804121,0.038041211664676666
0.0,-0.050638404,0.05063840374350548
0.0,-0.04930374,0.04930374026298523
0.0,0.0072711403,-0.007271140348166227
0.0,0.052402645,-0.052402645349502563
0.556,0.3165438,0.23945621228218084
0.0,-0.038531993,0.038531992584466934
0.636,0.32781634,0.30818366265296937
0.0,-0.0065969178,0.006596917752176523
1.93,1.9633535,-0.033353514671325746
0.0,-0.0093958145,0.009395814500749111
0.0,0.16321404,-0.1632140427827835
0.0,-0.020344106,0.02034410648047924
0.0,-0.04511723,0.04511722922325134
0.0,0.012323556,-0.012323555536568165
0.0,-0.00440881,0.004408809822052717
0.0,-0.01574164,0.015741640701889992
0.0,-0.008635835,0.00863583479076624
0.0,-0.018491115,0.018491115421056747
0.0,0.00184919,-0.0018491899827495217
0.0,-0.030757053,0.030757052823901176
0.0,-0.012578309,0.012578308582305908
0.0,0.005320966,-0.005320965778082609
0.0,-0.0059299557,0.005929955746978521
0.0,-0.033733364,0.03373336419463158
0.88,1.5694195,-0.6894195032119751
1.312,1.0341326,0.2778674001693726
0.0,-0.020815391,0.020815391093492508
0.368,-1.7834439,2.1514439277648925
0.0,0.2176437,-0.21764369308948517
0.0,0.02862151,-0.028621509671211243
0.0,0.050676547,-0.05067654699087143
0.0,0.15912017,-0.15912017226219177
0.0,-0.010619465,0.01061946526169777
0.0,0.24189533,-0.24189533293247223
0.0,-0.017785363,0.017785362899303436
0.0,-0.008611637,0.00861163716763258
3.822,3.4104838,0.4115161628723145
0.0,0.0029029185,-0.0029029184952378273
0.347,0.7608841,-0.41388410615921023
0.0,-0.01074806,0.010748060420155525
0.0,-0.006665492,0.0066654919646680355
0.0,0.06286119,-0.06286118924617767
0.0,-0.0112765115,0.01127651147544384
0.0,-0.01640793,0.016407929360866547
0.0,0.073394865,-0.07339486479759216
0.031,0.1563971,-0.12539710426330566
0.0,-0.0062725106,0.006272510625422001
13.173,15.759074,-2.5860742111206054
0.0,-0.119777955,0.11977795511484146
0.061,0.25037855,-0.1893785490989685
0.0,0.120831445,-0.1208314448595047
2.321,2.272504,0.04849590873718279
0.213,0.42382562,-0.21082562160491944
0.934,0.6888665,0.24513350391387945
0.0,0.037865173,-0.03786517307162285
0.0,0.09040419,-0.09040419012308121
5.718,5.4105015,0.3074985198974609
0.036,0.2595721,-0.2235720887184143
0.0,0.0042906217,-0.004290621727705002
0.0,-0.050835285,0.05083528533577919
0.0,-0.015092095,0.015092095360159874
0.097,0.37477311,-0.2777731149196625
0.0,-0.10141509,0.10141509026288986
0.0,0.045155935,-0.04515593498945236
0.0,-0.01848488,0.018484879285097122
0.0,-0.062509194,0.0625091940164566
0.0,0.0024839237,-0.002483923686668277
0.109,0.048556928,0.06044307240843773
0.0,0.031589147,-0.031589146703481674
0.036,0.13547777,-0.09947776639461517
2.508,1.9805005,0.5274995403289795
0.0,-0.006948684,0.006948683876544237
0.0,0.034994416,-0.03499441593885422
0.105,1.1162839,-1.011283893585205
0.417,0.15050225,0.26649775040149687
0.03,0.04323915,-0.01323915019631386
0.0,-0.027858533,0.027858532965183258
0.0,-0.0042303232,0.004230323247611523
2.701,3.3169825,-0.6159825077056884
0.0,0.007314929,-0.007314928807318211
0.0,0.1880967,-0.18809670209884644
0.0,-0.01692068,0.016920680180191994
0.0,0.041104067,-0.041104067116975784
0.0,-0.008065696,0.008065695874392986
0.876,0.7410303,0.1349697241783142
0.112,0.09563601,0.016363989830017092
0.001,-0.032263875,0.033263875007629395
0.0,-0.017877594,0.017877593636512756
0.0,0.014961082,-0.014961081556975842
0.0,-0.0060586617,0.006058661732822657
0.0,-0.014355487,0.014355487190186977
0.0,-0.03875707,0.038757070899009705
14.427,14.218985,0.20801539611816366
0.0,-0.0116331,0.011633099988102913
0.0,0.1337735,-0.13377350568771362
1.102,1.4747363,-0.3727363328933715
0.0,-0.01670925,0.01670924946665764
25.936,25.329527,0.6064730987548828
0.0,-0.034740873,0.0347408726811409
0.0,-0.0043302593,0.004330259282141924
0.0,-0.108797416,0.10879741609096527
0.221,0.08395596,0.13704404151439667
0.0,0.08301386,-0.0830138623714447
0.087,0.07128424,0.015715758025646204
0.0,-0.111703165,0.11170316487550735
0.0,-0.0042930515,0.004293051548302174
0.098,0.23922902,-0.14122902345657348
0.356,0.41295323,-0.05695322775840761
0.0,-0.009327499,0.009327499195933342
0.0,-0.01186802,0.011868019588291645
0.0,-0.018519226,0.01851922646164894
0.0,-0.03253495,0.032534949481487274
0.0,0.029792206,-0.02979220636188984
0.0,-0.0072268657,0.007226865738630295
1.916,2.21798,-0.301979907989502
0.0,-0.020446537,0.02044653706252575
8.958,9.193003,-0.23500270080566388
0.0,-0.08791449,0.08791448920965195
1.614,1.8113518,-0.19735177612304677
0.007,0.0115863085,-0.004586308479309082
0.0,-0.017018892,0.017018891870975494
0.469,0.2615442,0.2074558022022247
0.0,0.00081898016,-0.0008189801592379808
0.0,-0.025311572,0.02531157247722149
0.0,0.13787255,-0.13787254691123962
0.0,0.00025617023,-0.00025617022765800357
0.0,0.08336258,-0.08336257934570312
0.0,0.023171691,-0.023171691223978996
0.0,0.05112649,-0.05112649127840996
0.0,-0.013823054,0.013823053799569607
0.0,0.03601513,-0.03601513057947159
0.0,0.007884201,-0.007884200662374496
0.007,0.017150495,-0.01015049520134926
0.0,-0.038170952,0.0381709523499012
0.177,0.21221009,-0.03521008896827699
1.562,2.0614913,-0.49949125099182123
0.0,-0.0028330092,0.0028330092318356037
0.0,0.0068252324,-0.006825232412666082
0.0,-0.078352235,0.07835223525762558
0.0,-0.03708444,0.037084441632032394
0.0,-0.0127230575,0.01272305753082037
0.0,0.60557497,-0.6055749654769897
0.0,-0.007859545,0.007859544828534126
0.0,-0.024285274,0.024285273626446724
0.0,0.57903713,-0.5790371298789978
0.0,-0.09814299,0.09814298897981644
0.0,0.25621754,-0.2562175393104553
0.0,-0.15591124,0.15591123700141907
0.0,-0.08791449,0.08791448920965195
0.0,-0.024132533,0.024132532998919487
0.0,-0.013350604,0.013350604102015495
0.0,-0.005781351,0.005781351123005152
0.0,0.13787255,-0.13787254691123962
1.893,2.4799836,-0.5869835681915283
0.0,-0.15295264,0.152952641248703
1.737,0.8661716,0.8708284015655519
0.247,0.13621183,0.1107881726026535
0.0,0.0032459216,-0.0032459215726703405
0.0,-0.02201362,0.022013619542121887
0.091,0.06408701,0.026912989079952238
0.0,0.027182555,-0.027182554826140404
0.0,-0.016615018,0.016615018248558044
0.0,-0.0060619796,0.006061979569494724
0.0,-0.022296196,0.022296195849776268
0.0,-0.081927784,0.08192778378725052
0.0,-0.022690779,0.022690778598189354
0.0,-0.008392673,0.00839267298579216
0.0,0.028257826,-0.02825782634317875
0.0,-0.010230588,0.010230587795376778
0.0,-0.020344106,0.02034410648047924
0.0,0.034237567,-0.0342375673353672
0.479,0.8156329,-0.3366328797340393
0.0,0.09609519,-0.09609518945217133
0.0,0.09299915,-0.09299915283918381
0.0,-0.0026907788,0.002690778812393546
0.0,-0.02478015,0.02478015050292015
0.0,0.055790182,-0.05579018220305443
0.0,0.05112649,-0.05112649127840996
0.0,-0.018695774,0.0186957735568285
0.0,0.65671456,-0.6567145586013794
0.0,-0.0076866406,0.007686640601605177
0.0,0.043893527,-0.04389352723956108
0.0,-0.0127230575,0.01272305753082037
0.0,-0.005394426,0.005394426174461842
0.0,-0.005394426,0.005394426174461842
0.0,0.0001158734,-0.00011587340122787282
0.0,-0.06637054,0.06637053936719894
0.0,0.0031648742,-0.003164874156937003
0.0,0.25020832,-0.25020831823349
0.0,-0.34335735,0.3433573544025421
0.069,0.10588131,-0.03688131099939346
0.0,-0.019411633,0.019411632791161537
0.0,0.001706873,-0.0017068729503080249
0.0,-0.022258176,0.022258175536990166
0.175,0.1443368,0.030663195252418507
0.0,-0.014750062,0.014750061556696892
0.011,-0.1105193,0.12151929742097854
0.0,-0.035793,0.0357929989695549
0.0,-0.11379356,0.11379355937242508
0.0,0.0030216083,-0.0030216083396226168
0.0,-0.009620917,0.009620917029678822
0.386,0.53398186,-0.14798185968399047
0.0,0.00023571285,-0.00023571285419166088
0.0,-0.17875873,0.17875872552394867
0.79,0.71637386,0.07362613916397098
0.0,-0.009619373,0.009619372896850109
0.0,-0.02574954,0.025749539956450462
0.0,0.14464466,-0.14464466273784637
0.0,-0.037432414,0.037432413548231125
0.0,0.011222442,-0.01122244168072939
0.0,0.0042874836,-0.004287483636289835
0.0,-0.017261462,0.017261462286114693
0.0,-0.029627163,0.029627162963151932
0.0,-0.018008076,0.018008075654506683
0.0,0.003820166,-0.003820165991783142
0.0,-0.0111030415,0.011103041470050812
0.0,-0.01074806,0.010748060420155525
0.0,0.013748244,-0.013748244382441044
0.0,0.021180188,-0.02118018828332424
0.0,-0.036054682,0.03605468198657036
0.0,0.14632711,-0.14632710814476013
0.0,0.07346984,-0.07346983999013901
0.0,-0.021553326,0.02155332639813423
0.0,-0.034740873,0.0347408726811409
0.0,0.031304225,-0.03130422532558441
0.0,-0.018139781,0.018139781430363655
0.0,0.2735236,-0.27352359890937805
0.0,-0.027509555,0.027509555220603943
0.0,-0.007640844,0.007640844210982323
0.0,-0.009592304,0.00959230400621891
0.029,-0.035939757,0.0649397567808628
0.0,-0.0014749009,0.001474900869652629
0.0,-0.0111030415,0.011103041470050812
0.01,0.022596529,-0.012596528753638267
0.0,0.09609519,-0.09609518945217133
0.0,-0.0117719835,0.011771983467042446
0.0,-0.007367384,0.0073673841543495655
0.0,0.02842995,-0.028429949656128883
0.0,-0.40402222,0.404022216796875
0.0,-0.030218542,0.030218541622161865
0.068,0.13487747,-0.06687747311592102
0.0,-0.008611637,0.00861163716763258
0.098,0.0805942,0.017405803084373478
2.188,1.1890489,0.9989511137008669
0.0,-0.006948684,0.006948683876544237
0.0,-0.010395842,0.010395841673016548
0.0,-0.013619173,0.01361917331814766
0.0,-0.020451706,0.020451705902814865
0.0,0.0065499865,-0.0065499865449965
0.0,0.001095052,-0.0010950519936159253
0.0,-0.005394426,0.005394426174461842
0.0,0.0006560086,-0.0006560086039826274
0.0,-0.0064259656,0.006425965577363968
0.0,0.014569723,-0.014569723047316074
0.0,0.10244595,-0.10244595259428024
2.481,3.1965685,-0.7155684890747072
0.0,-0.022258176,0.022258175536990166
0.0,0.020383537,-0.02038353681564331
0.191,0.12592144,0.06507855689525605
5.358,5.624873,-0.2668731613159183
0.0,-0.0006020165,0.000602016516495496
0.0,-0.01714756,0.01714755967259407
0.0,-0.18392716,0.18392716348171234
0.216,0.3754616,-0.15946160817146302
0.0,0.001342962,-0.0013429620303213596
0.0,0.0091347415,-0.009134741500020027
0.0,0.05853394,-0.058533940464258194
0.572,0.51539916,0.05660084199905391
0.0,-0.002834608,0.002834608079865575
0.0,-0.037067316,0.037067316472530365
0.0,0.30336314,-0.3033631443977356
0.0,0.07567957,-0.07567957043647766
0.0,0.048873417,-0.0488734170794487
0.0,-0.012974751,0.012974751181900501
0.0,-0.0059088273,0.005908827297389507
0.0,0.052038968,-0.05203896760940552
13.673,10.499205,3.173795364379883
0.0,0.028257826,-0.02825782634317875
0.0,0.03749718,-0.037497181445360184
0.0,0.048129182,-0.04812918230891228
0.0,-0.08434365,0.08434364944696426
0.287,0.106555305,0.1804446945786476
0.924,0.9035426,0.020457421779632612
0.0,0.13787255,-0.13787254691123962
0.875,1.0466396,-0.1716395616531372
0.924,1.2911695,-0.36716952419281
0.0,0.010271038,-0.010271037928760052
0.0,0.056153875,-0.05615387484431267
0.0,-0.04169045,0.04169045016169548
0.0,-0.08387383,0.08387383073568344
0.0,-0.025385855,0.02538585476577282
0.472,0.46038365,0.011616346359252905
0.0,0.004525355,-0.004525355063378811
0.0,0.055064764,-0.055064763873815536
0.0,0.53814054,-0.5381405353546143
0.0,0.0051120305,-0.005112030543386936
0.0,0.101774,-0.10177399963140488
0.007,0.11301716,-0.10601715672016143
0.0,-0.010618068,0.010618068277835846
0.0,-0.01632946,0.016329459846019745
0.0,-0.019023009,0.01902300864458084
0.0,0.00184919,-0.0018491899827495217
0.0,-0.014270336,0.014270336367189884
0.0,-0.033553813,0.03355381265282631
0.0,0.0022055514,-0.0022055513691157103
1.443,1.1103027,0.3326973133087159
0.0,0.05853343,-0.058533430099487305
0.0,-0.0057340846,0.005734084639698267
0.0,0.18927145,-0.1892714500427246
0.0,0.121596426,-0.12159642577171326
5.621,5.4438386,0.1771614036560063
0.309,0.13506334,0.17393666470050811
0.0,-0.012154797,0.012154797092080116
0.0,-0.0060619796,0.006061979569494724
0.0,-0.0042303232,0.004230323247611523
0.0,0.050068907,-0.05006890743970871
0.0,-0.005293474,0.005293474067002535
0.0,0.00029232388,-0.0002923238789662719
0.0,-0.015174255,0.015174254775047302
0.0,-0.011282679,0.011282678693532944
0.0,0.014537608,-0.014537608250975609
0.0,0.010904603,-0.010904602706432343
0.269,0.15170504,0.11729495847225191
0.0,-0.0111030415,0.011103041470050812
0.0,-0.01319026,0.013190260156989098
1.299,1.2685014,0.03049859905242913
0.0,-0.09748603,0.09748602658510208
0.0,-0.005394426,0.005394426174461842
0.35,0.6257292,-0.27572920322418215
2.939,3.1014304,-0.16243041610717768
35.086,35.703495,-0.6174950256347671
0.0,0.023202246,-0.02320224605500698
1.352,0.9898311,0.3621689100265504
0.0,-0.009619373,0.009619372896850109
0.0,-0.004656844,0.004656843841075897
0.084,0.7973437,-0.7133436713218689
25.328,24.910265,0.4177350311279291
0.0,-0.03875707,0.038757070899009705
0.0,-0.014430656,0.014430656097829342
0.0,-0.005158606,0.005158605985343456
0.0,-0.025634374,0.02563437446951866
0.0,-0.013619173,0.01361917331814766
7.129,7.203201,-0.07420081710815474
0.0,0.30102956,-0.3010295629501343
0.0,-0.15767863,0.15767863392829895
0.0,-0.02574954,0.025749539956450462
0.0,-0.016705822,0.016705822199583054
0.0,-0.06637054,0.06637053936719894
0.0,0.2758354,-0.27583539485931396
0.0,-0.0014749009,0.001474900869652629
0.0,-0.0062725106,0.006272510625422001
0.0,0.17547205,-0.17547205090522766
0.0,-0.016141195,0.016141194850206375
0.0,-0.027664276,0.027664275839924812
0.0,-0.01574164,0.015741640701889992
0.0,-0.0145724565,0.01457245647907257
0.36,0.49844313,-0.1384431266784668
0.0,-0.018605687,0.018605686724185944
0.0,-0.014445166,0.014445166103541851
0.0,0.01523431,-0.015234310179948807
0.0,-0.01710892,0.017108919098973274
0.0,0.55780894,-0.5578089356422424
0.0,-0.01714756,0.01714755967259407
0.0,-0.0047678067,0.004767806734889746
0.0,0.0036227242,-0.0036227242089807987
0.0,0.029428525,-0.029428524896502495
0.0,-0.0045371666,0.004537166561931372
0.0,-0.095798485,0.09579848498106003
0.0,0.2176437,-0.21764369308948517
0.047,0.23214397,-0.18514396834373475
0.0,0.04142209,-0.04142209142446518
0.065,0.050096456,0.014903544038534167
0.0,-0.021069394,0.021069394424557686
0.0,0.0023936795,-0.0023936794605106115
0.0,-0.015695121,0.01569512113928795
0.133,0.13004155,0.002958445429801948
0.0,-0.014755331,0.014755330979824066
0.0,-0.01186802,0.011868019588291645
0.0,-0.019438902,0.01943890191614628
0.0,0.014111933,-0.014111933298408985
0.0,-0.004213528,0.004213527776300907
0.0,-0.014892135,0.014892134815454483
0.0,0.09250877,-0.09250877052545547
0.0,0.2176437,-0.21764369308948517
0.0,-0.019455478,0.019455477595329285
0.0,-0.014750062,0.014750061556696892
0.0,-0.03735053,0.03735053166747093
0.0,0.11162373,-0.11162372678518295
0.0,0.0028111765,-0.0028111764695495367
0.0,0.04821574,-0.04821573942899704
0.0,0.001342962,-0.0013429620303213596
0.0,-0.012687489,0.01268748939037323
0.0,0.0032459216,-0.0032459215726703405
0.076,0.21231815,-0.13631815218925475
0.0,0.12589526,-0.12589526176452637
0.31,0.23105337,0.07894663274288177
0.0,-0.0065969178,0.006596917752176523
0.0,-0.032768354,0.03276835381984711
3.681,3.2717407,0.40925932502746587
2.28,3.3088996,-1.0288996410369875
0.0,0.013748244,-0.013748244382441044
0.0,0.024295375,-0.024295374751091003
0.0,0.01033522,-0.010335220023989677
0.509,0.28732917,0.22167083287239076
2.436,2.4037712,0.03222883796691889
0.0,-0.008760535,0.008760535158216953
0.0,0.055790182,-0.05579018220305443
0.0,0.014441131,-0.014441130682826042
270.828,240.42966,30.3983430175781
0.0,-0.006665492,0.0066654919646680355
0.0,-0.0061273486,0.006127348635345697
0.16,0.38708153,-0.2270815336704254
0.0,-0.0036344107,0.0036344106774777174
1.789,1.7771525,0.011847461700439377
0.017,0.21469855,-0.19769855308532713
0.0,-0.018605687,0.018605686724185944
0.0,0.048069507,-0.048069506883621216
0.0,0.00081898016,-0.0008189801592379808
1.215,0.9544723,0.26052769660949715
0.2,0.4597576,-0.25975759625434874
0.0,0.099687725,-0.09968772530555725
0.0,-0.08156527,0.08156526833772659
0.0,0.0041838503,-0.00418385025113821
0.249,0.526014,-0.27701397037506104
0.0,-0.017060233,0.017060233280062675
0.0,-0.008065696,0.008065695874392986
0.0,0.022897828,-0.022897828370332718
0.0,0.08249196,-0.08249195665121078
0.0,-0.019455478,0.019455477595329285
0.0,-0.07177628,0.07177627831697464
0.0,0.055428457,-0.055428456515073776
0.903,0.4436316,0.4593684105873108
0.0,-0.016204825,0.016204824671149254
0.0,0.02232649,-0.02232648991048336
0.0,-0.0004953291,0.0004953290917910635
8.252,7.0868473,1.165152694702149
0.162,0.3044235,-0.1424235110282898
0.0,0.025291082,-0.0252910815179348
0.0,-0.008665185,0.008665185421705246
0.0,-0.021642921,0.02164292149245739
0.0,0.012328941,-0.012328941375017166
0.0,0.07457072,-0.07457072287797928
0.0,-0.010230588,0.010230587795376778
0.0,0.048794426,-0.048794426023960114
0.0,0.0036227242,-0.0036227242089807987
0.0,-0.0045371666,0.004537166561931372
0.0,-0.0017937808,0.001793780829757452
0.236,0.3449313,-0.10893130445480348
0.0,-0.019455478,0.019455477595329285
0.0,-0.004213528,0.004213527776300907
2.316,2.849698,-0.533698066711426
0.0,0.07918178,-0.07918178290128708
0.011,-0.2258261,0.23682609951496125
0.478,0.49709073,-0.01909072709083559
4.136,4.0138273,0.1221726760864259
0.0,-0.036720756,0.03672075644135475
0.0,0.02232649,-0.02232648991048336
0.0,-0.016329598,0.016329597681760788
2.096,2.4894714,-0.3934714355468749
1.381,1.5427018,-0.1617018404006958
0.0,-0.01632946,0.016329459846019745
0.039,0.14901114,-0.11001113510131835
0.0,0.24200499,-0.24200499057769775
0.091,0.11437325,-0.02337325179576874
0.0,-0.007825893,0.007825893349945545
0.0,-0.017877594,0.017877593636512756
0.0,-0.008611637,0.00861163716763258
0.0,-0.0076866406,0.007686640601605177
0.0,-0.026399497,0.02639949694275856
0.0,-0.009866903,0.009866902604699135
0.007,0.111437105,-0.1044371046423912
0.0,-0.039721645,0.039721645414829254
0.0,0.13787255,-0.13787254691123962
0.0,-0.021189645,0.021189644932746887
0.0,0.004525355,-0.004525355063378811
0.0,-0.0093958145,0.009395814500749111
0.847,2.1920204,-1.3450204162597656
0.0,0.2176437,-0.21764369308948517
0.0,0.21320033,-0.21320033073425293
0.327,0.37248883,-0.04548882651329039
0.0,-0.01574164,0.015741640701889992
0.0,-0.014750062,0.014750061556696892
0.0,0.029448476,-0.029448475688695908
0.007,0.11004013,-0.10304012823104858
0.0,0.002419598,-0.0024195979349315166
0.0,-0.03409705,0.03409704938530922
0.0,-0.022258176,0.022258175536990166
0.0,-0.032898635,0.03289863467216492
0.0,-0.015412207,0.015412206761538982
0.0,-0.0042303232,0.004230323247611523
0.0,-0.015708266,0.01570826582610607
0.0,0.0091347415,-0.009134741500020027
1.528,0.6092263,0.9187737135887146
0.0,-0.013619173,0.01361917331814766
0.0,0.06286119,-0.06286118924617767
0.0,0.0091688065,-0.009168806485831738
0.166,0.2602112,-0.09421119952201842
0.0,-0.019438902,0.01943890191614628
0.0,6.919308e-05,-6.91930836183019e-05
0.0,0.0048210314,-0.004821031354367733
0.0,-0.015801203,0.01580120250582695
0.0,0.0032827654,-0.00328276539221406
0.408,0.55807763,-0.15007763338088992
0.0,0.035070132,-0.035070132464170456
6.909,6.5478506,0.3611493911743162
0.0,0.00184919,-0.0018491899827495217
0.0,0.093362845,-0.09336284548044205
0.0,-0.010356376,0.010356375947594643
0.0,-0.0504716,0.05047160014510155
0.0,-0.013405545,0.013405544683337212
1.427,1.2734112,0.15358884525299077
0.0,-0.020810222,0.020810222253203392
0.055,-0.054408066,0.10940806597471237
0.0,0.034237567,-0.0342375673353672
0.0,0.0091347415,-0.009134741500020027
0.0,0.034067802,-0.034067802131175995
0.0,-0.032747313,0.032747313380241394
0.0,0.001342962,-0.0013429620303213596
0.0,0.15275767,-0.1527576744556427
0.0,-0.025245061,0.02524506114423275
0.0,0.09230328,-0.09230328351259232
0.0,-0.008639631,0.008639630861580372
0.07,0.3686416,-0.29864158511161804
0.0,0.020401305,-0.020401304587721825
0.0,-0.020810222,0.020810222253203392
0.0,0.00029232388,-0.0002923238789662719
0.0,-0.0040961304,0.00409613037481904
0.106,0.3785914,-0.272591388463974
0.0,-0.009093619,0.00909361895173788
0.0,0.33139232,-0.3313923180103302
0.885,1.1871095,-0.30210947036743163
0.026,0.34880096,-0.32280095720291135
0.169,0.33844653,-0.16944652771949767
0.0,-0.017069504,0.017069503664970398
0.0,0.23541263,-0.2354126274585724
0.756,0.69529665,0.06070335483551026
0.0,0.05013867,-0.050138670951128006
1.904,1.3813695,0.5226305284500121
0.639,0.3980441,0.2409558906555176
0.0,-0.005158606,0.005158605985343456
8.592,9.544067,-0.9520673828124995
0.0,0.014537608,-0.014537608250975609
0.0,-0.003154277,0.003154277103021741
0.0,-0.022258176,0.022258175536990166
0.0,-0.09351035,0.09351035207509995
0.0,-0.021785257,0.021785257384181023
0.0,-0.014750062,0.014750061556696892
1.927,1.7423563,0.18464369964599614
0.0,0.2176437,-0.21764369308948517
0.0,-0.016882235,0.016882235184311867
0.0,-0.0014749009,0.001474900869652629
0.0,0.0051120305,-0.005112030543386936
0.0,0.12616578,-0.12616577744483948
0.27,0.39529723,-0.12529722929000853
0.0,-0.009289998,0.0092899976298213
0.0,-0.02836004,0.028360040858387947
0.0,-0.0014749009,0.001474900869652629
0.0,-0.01186802,0.011868019588291645
0.0,-0.009826487,0.009826486930251122
0.0,0.016314188,-0.0163141880184412
3.238,2.3717883,0.8662117366790771
0.0,0.1425905,-0.1425904929637909
0.0,0.0072922558,-0.007292255759239197
4.333,4.973386,-0.6403858108520506
0.0,0.24270418,-0.24270418286323547
0.0,-0.0046020886,0.004602088592946529
0.0,0.01795525,-0.017955249175429344
0.0,-0.018194366,0.01819436624646187
0.0,0.0072711403,-0.007271140348166227
0.0,0.20678256,-0.20678256452083588
0.142,0.15351342,-0.011513416647911084
0.0,-0.01193064,0.01193063985556364
0.469,0.45537227,0.01362772607803342
0.0,-0.023799736,0.02379973605275154
0.0,-0.012644973,0.012644972652196884
0.0,-0.09748603,0.09748602658510208
0.0,-0.009298513,0.00929851271212101
0.0,-0.0051234537,0.005123453680425882
0.367,0.3860304,-0.01903040575981141
0.12,0.36131015,-0.24131015419960022
0.0,-0.011704591,0.011704591102898121
0.0,-0.0127230575,0.01272305753082037
0.0,0.0072711403,-0.007271140348166227
0.315,0.5803369,-0.26533692836761474
0.076,-0.16662946,0.24262946343421937
0.0,0.055790182,-0.05579018220305443
0.0,0.027311184,-0.027311183512210846
0.458,0.44333273,0.014667268276214618
0.0,0.001342962,-0.0013429620303213596
0.0,-0.017785363,0.017785362899303436
2.712,1.6139342,1.0980658407211306
0.051,0.19509472,-0.14409471952915193
0.0,-0.019455478,0.019455477595329285
0.0,0.0018631974,-0.001863197423517704
0.0,-0.009289998,0.0092899976298213
0.0,-0.018605687,0.018605686724185944
0.0,-0.006665492,0.0066654919646680355
0.0,-0.032898635,0.03289863467216492
0.0,0.14144075,-0.141440749168396
0.0,-0.009619373,0.009619372896850109
0.0,-0.010619465,0.01061946526169777
0.0,-0.018139781,0.018139781430363655
0.0,0.02232649,-0.02232648991048336
0.0,-0.058071293,0.05807129293680191
0.058,0.07145531,-0.013455307304859158
0.0,-0.005925148,0.005925147794187069
0.0,-0.04077577,0.04077576845884323
0.0,0.47482893,-0.47482892870903015
0.0,-0.047927942,0.047927942126989365
0.0,0.004143512,-0.00414351187646389
0.0,0.0045073414,-0.004507341422140598
0.0,0.0035243365,-0.0035243364982306957
0.0,-0.024881376,0.024881375953555107
1.533,1.1518706,0.38112939167022697
0.0,-0.015412207,0.015412206761538982
0.197,0.13389331,0.06310668897628785
0.0,0.012332233,-0.012332232668995857
0.0,-0.0111030415,0.011103041470050812
0.0,0.0037353057,-0.003735305741429329
0.0,-0.005487225,0.005487225018441677
0.0,0.15892921,-0.15892921388149261
0.0,0.07346984,-0.07346983999013901
0.0,-0.01848488,0.018484879285097122
0.0,-0.0024641154,0.00246411538682878
0.0,-0.014445166,0.014445166103541851
0.0,0.2149234,-0.21492339670658112
26.652,23.897444,2.7545562286376963
0.0,0.0025790583,-0.002579058287665248
0.0,-0.13521849,0.13521848618984222
0.005,0.050513215,-0.04551321536302567
0.0,-0.009826487,0.009826486930251122
0.365,0.62405396,-0.259053955078125
0.0,0.0050597806,-0.005059780552983284
0.0,0.009115088,-0.009115087799727917
2.576,2.0507526,0.5252473602294923
0.0,0.019172985,-0.01917298510670662
0.0,-0.09325622,0.09325622022151947
0.0,0.02232649,-0.02232648991048336
0.0,-0.015174255,0.015174254775047302
0.0,-0.0076866406,0.007686640601605177
0.0,0.11095662,-0.11095661669969559
0.204,0.12152013,0.08247986817359923
0.0,-0.05512332,0.05512332171201706
0.0,0.21715833,-0.21715833246707916
0.0,-0.012326577,0.012326576747000217
0.0,0.00029232388,-0.0002923238789662719
0.0,0.05112649,-0.05112649127840996
0.0,-0.005293474,0.005293474067002535
0.0,0.0091347415,-0.009134741500020027
0.0,-0.015174255,0.015174254775047302
0.0,0.0108587565,-0.010858756490051746
0.0,-0.04296417,0.04296417161822319
0.0,-0.0105978055,0.010597805492579937
0.0,-0.01848488,0.018484879285097122
0.0,0.0035243365,-0.0035243364982306957
0.036,0.09140544,-0.05540543639659882
0.0,-0.119567715,0.11956771463155746
0.093,0.17648287,-0.08348287117481232
0.0,0.0052316273,-0.0052316272631287575
0.0,-0.0006020165,0.000602016516495496
0.0,0.02232649,-0.02232648991048336
0.0,0.08670367,-0.08670367300510406
1.794,2.05215,-0.25815001106262203
0.0,-0.012974751,0.012974751181900501
0.0,0.09645888,-0.09645888209342957
0.633,0.78715545,-0.15415544939041137
0.0,0.010377545,-0.010377544909715652
0.0,-0.05016218,0.0501621812582016
0.0,-0.028449263,0.02844926342368126
0.0,0.21157496,-0.2115749567747116
0.0,0.11372154,-0.11372154206037521
0.0,0.00029232388,-0.0002923238789662719
0.0,0.19195102,-0.19195102155208588
0.356,0.36077806,-0.0047780635356903245
2.155,1.614345,0.5406550455093382
0.0,-0.021553326,0.02155332639813423
0.0,0.05816974,-0.05816974118351936
0.042,0.23771247,-0.19571247267723083
0.0,0.21980657,-0.21980656683444977
0.0,0.0048868526,-0.004886852577328682
0.0,-0.010619465,0.01061946526169777
0.11,0.5350324,-0.42503239154815675
0.0,-0.009289998,0.0092899976298213
0.182,0.48766127,-0.3056612722873688
1.273,1.5812142,-0.30821418952941904
5.474,5.094788,0.379211925506592
0.0,-0.112081096,0.11208109557628632
0.0,-0.018394195,0.018394194543361664
0.0,0.026749324,-0.026749324053525925
0.597,1.3368475,-0.7398475437164307
0.0,0.016430661,-0.01643066108226776
0.024,0.31192297,-0.2879229674339294
0.0,-0.014430656,0.014430656097829342
0.231,0.3410894,-0.11008939766883849
0.045,0.2662348,-0.22123478531837465
0.0,0.26643723,-0.26643723249435425
1.775,1.6223667,0.15263333320617667
0.0,0.06286119,-0.06286118924617767
0.0,0.11216467,-0.11216466873884201
0.0,-0.023763014,0.023763014003634453
0.098,0.13667427,-0.03867427003383636
0.0,0.0025790583,-0.002579058287665248
0.0,0.0486661,-0.048666100949048996
0.0,0.022897828,-0.022897828370332718
0.0,0.028257826,-0.02825782634317875
0.0,0.014043179,-0.014043179340660572
0.0,-0.009136419,0.00913641881197691
0.145,0.11684852,0.028151479065418233
1.202,0.9411543,0.26084569883346553
0.109,0.10621615,0.0027838524580001828
0.0,0.0018331998,-0.001833199756219983
0.0,-0.23284726,0.23284725844860077
0.0,-0.044925537,0.04492553696036339
0.0,0.010491098,-0.010491098277270794
0.0,-0.022955304,0.022955304011702538
0.0,-0.019994283,0.019994283095002174
0.0,-0.009817446,0.009817445650696754
0.0,-0.01074806,0.010748060420155525
0.0,0.1508263,-0.15082630515098572
0.0,-0.0076866406,0.007686640601605177
0.0,-0.015412207,0.015412206761538982
0.0,-0.0035561617,0.003556161653250456
0.0,-0.0145724565,0.01457245647907257
0.0,-0.007305224,0.00730522396042943
0.0,-0.008611637,0.00861163716763258
0.913,0.5187679,0.39423210668563846
0.0,0.0051847156,-0.005184715613722801
0.0,0.02232649,-0.02232648991048336
0.0,0.05816974,-0.05816974118351936
0.0,0.33538392,-0.33538392186164856
0.0,-0.014066972,0.014066971838474274
0.469,1.168688,-0.6996880588531494
17.645,14.411683,3.233316917419433
0.0,-0.021601245,0.021601244807243347
0.0,-0.0038446768,0.003844676772132516
0.0,-0.022258176,0.022258175536990166
0.0,0.0035243365,-0.0035243364982306957
0.0,-0.013624408,0.013624408282339573
0.0,0.2176437,-0.21764369308948517
0.0,-0.0127230575,0.01272305753082037
0.094,0.32790723,-0.2339072344303131
0.0,-0.018757425,0.018757425248622894
0.0,-0.01574164,0.015741640701889992
1.845,2.2850876,-0.4400875854492188
0.0,-0.036671046,0.036671046167612076
0.0,-0.18023705,0.1802370548248291
0.011,0.03212674,-0.021126739621162415
0.0,-0.030992115,0.030992114916443825
0.0,-0.0036144045,0.003614404471591115
0.108,0.48454654,-0.3765465421676636
0.36,0.20217954,0.15782046377658843
0.0,0.050068907,-0.05006890743970871
0.0,0.013096223,-0.013096222653985023
122.445,118.88745,3.557548828124993
0.0,0.055064764,-0.055064763873815536
0.33,0.28629348,0.04370652318000795
0.0,-0.015695121,0.01569512113928795
0.0,0.017726127,-0.017726127058267593
0.0,-0.004656844,0.004656843841075897
0.18,0.47747338,-0.2974733781814575
0.0,-0.020344106,0.02034410648047924
0.0,-0.00059122953,0.0005912295309826732
0.0,-0.04493841,0.04493841156363487
0.0,-0.003494226,0.0034942259080708027
0.0,-0.015412207,0.015412206761538982
0.0,0.16813152,-0.1681315153837204
0.0,-0.013386536,0.01338653638958931
0.0,-0.01848488,0.018484879285097122
0.0,0.08761027,-0.08761026710271835
0.0,0.022897828,-0.022897828370332718
0.0,0.051490176,-0.0514901764690876
0.0,0.0060514947,-0.006051494739949703
0.398,0.35011658,0.047883419275283834
0.0,0.13284552,-0.13284552097320557
0.0,-0.015878417,0.01587841659784317
0.0,0.0072711403,-0.007271140348166227
0.634,0.5763673,0.0576326813697815
0.0,-0.0060586617,0.006058661732822657
0.0,-0.022955304,0.022955304011702538
0.0,0.077656314,-0.07765631377696991
0.0,-0.008635835,0.00863583479076624
0.0,0.062364377,-0.062364377081394196
0.0,0.0091347415,-0.009134741500020027
0.0,0.42211893,-0.4221189320087433
0.0,-0.019994283,0.019994283095002174
0.0,-0.009289998,0.0092899976298213
0.0,-0.013405545,0.013405544683337212
0.0,0.17611131,-0.17611131072044373
0.0,0.0051847156,-0.005184715613722801
0.299,0.8669683,-0.5679682741165162
0.614,0.5630809,0.05091909313201903
0.0,-0.008536471,0.00853647105395794
0.636,0.6732181,-0.03721807146072387
0.0,-0.009866903,0.009866902604699135
0.0,-0.0060619796,0.006061979569494724
0.0,-0.023436053,0.023436052724719048
0.0,0.19429772,-0.19429771602153778
0.039,-0.08365907,0.12265906774997712
0.0,-0.009826487,0.009826486930251122
0.011,0.012812065,-0.0018120649605989463
1.169,1.141001,0.027999013900756875
0.0,-0.04881714,0.048817139118909836
0.0,0.21414232,-0.2141423225402832
0.0,-0.008926314,0.008926314301788807
0.0,-0.017087486,0.017087485641241074
0.0,-0.007884459,0.007884458638727665
0.238,0.088781856,0.14921814399957656
0.0,0.07673177,-0.07673177123069763
0.094,0.3240171,-0.23001710748672485
20.542,18.89469,1.6473104400634782
0.0,0.059314575,-0.05931457504630089
0.0,0.049829584,-0.04982958361506462
0.0,-0.009255688,0.009255687706172466
0.0,0.14327034,-0.143270343542099
12.391,16.397444,-4.006443771362305
0.0,-0.024132533,0.024132532998919487
0.0,-0.012903318,0.01290331780910492
0.0,-0.034617398,0.03461739793419838
0.0,0.050068907,-0.05006890743970871
0.45,0.40920296,0.04079703688621522
0.0,0.09645888,-0.09645888209342957
0.0,-0.01574164,0.015741640701889992
0.0,-0.023812674,0.0238126739859581
0.131,0.09230649,0.03869351273775101
0.0,-0.20174061,0.20174060761928558
0.0,-0.029417314,0.029417313635349274
0.0,-0.03735053,0.03735053166747093
1.639,1.8404566,-0.20145660495758055
0.0,-0.064590245,0.06459024548530579
0.0,-0.018605687,0.018605686724185944
0.0,-0.0111030415,0.011103041470050812
0.0,-0.011282679,0.011282678693532944
0.0,-0.014327609,0.014327608980238438
0.0,0.08433281,-0.08433280885219574
19.074,18.599428,0.4745718231201188
0.0,-0.025385855,0.02538585476577282
0.0,0.03351806,-0.03351806104183197
10.917,8.211955,2.7050449295043943
0.0,0.004525355,-0.004525355063378811
0.0,-0.0053993626,0.005399362649768591
0.0,-0.021785257,0.021785257384181023
0.0,-0.015174255,0.015174254775047302
0.0,0.4545157,-0.4545156955718994
0.0,0.020158239,-0.02015823870897293
0.084,0.07042012,0.01357987636327744
0.0,-0.010619465,0.01061946526169777
0.0,0.07507827,-0.07507827132940292
0.303,0.56970066,-0.2667006583213806
0.0,-0.0039503495,0.003950349520891905
0.0,-0.23219346,0.2321934551000595
0.543,0.38679555,0.15620444941520695
0.236,0.58580226,-0.34980225706100465
0.0,0.06264615,-0.06264615058898926
0.066,-0.029482285,0.0954822845607996
0.222,0.45776832,-0.23576832103729248
0.0,-0.032768354,0.03276835381984711
0.0,-0.0059299557,0.005929955746978521
0.0,0.042231854,-0.04223185405135155
0.0,-0.05385235,0.053852349519729614
0.0,0.05475778,-0.05475778132677078
0.0,0.0052316273,-0.0052316272631287575
0.0,-0.035015974,0.03501597419381142
0.156,0.52004606,-0.364046055316925
0.08,0.08406874,-0.004068737924098967
0.0,-0.011176504,0.01117650419473648
0.0,-0.037800193,0.03780019283294678
0.0,-0.019980421,0.019980421289801598
0.0,-0.006514579,0.0065145790576934814
0.0,-0.006552606,0.006552605889737606
0.0,0.0024839237,-0.002483923686668277
0.0,-0.0139501905,0.013950190506875515
6.36,7.2051625,-0.8451625251770016
0.0,-0.0030271672,0.003027167171239853
4.054,3.8329833,0.22101674461364773
2.311,2.1581395,0.15286053276062006
0.749,1.3987447,-0.6497447023391724
0.073,0.14859185,-0.07559184622764588
0.0,0.041927945,-0.041927944868803024
0.137,0.5801303,-0.44313027906417846
0.0,-0.19040564,0.19040563702583313
0.0,-0.015878417,0.01587841659784317
0.0,0.1584404,-0.15844039618968964
0.0,-0.00945376,0.009453760460019112
0.121,0.053935464,0.0670645355284214
0.0,-0.03487765,0.03487765043973923
0.0,0.08418783,-0.0841878280043602
0.0,0.04848268,-0.04848267883062363
0.382,0.53668594,-0.15468594360351562
0.0,0.0032827654,-0.00328276539221406
0.0,-0.058434978,0.05843497812747955
0.0,-0.009826487,0.009826486930251122
1.537,1.4934915,0.043508469581603926
0.0,-0.08791449,0.08791448920965195
0.0,-0.013304778,0.01330477837473154
0.0,0.031227946,-0.031227946281433105
0.0,0.001964657,-0.001964657101780176
0.006,0.100032434,-0.09403243386745452
0.0,-0.023799736,0.02379973605275154
0.247,0.37995625,-0.13295624542236328
0.0,0.016314188,-0.0163141880184412
0.0,0.0017066457,-0.0017066457075998187
0.747,0.84515035,-0.09815035152435303
0.0,-0.004213528,0.004213527776300907
0.987,1.297652,-0.310652006149292
1.003,1.1005092,-0.0975091667175294
0.0,-0.015174255,0.015174254775047302
0.131,0.4569215,-0.3259214880466461
14.802,12.354408,2.4475917358398434
0.0,-0.004343178,0.0043431781232357025
0.0,-0.018306814,0.01830681413412094
0.073,0.11488874,-0.04188874256610871
3.591,2.7951052,0.7958947811126711
0.0,0.018279273,-0.018279273062944412
0.365,0.31776315,0.047236850261688224
0.0,0.055790182,-0.05579018220305443
0.0,-0.09748603,0.09748602658510208
0.0,-0.008810023,0.008810022845864296
0.0,-0.014892135,0.014892134815454483
0.0,0.051490176,-0.0514901764690876
0.0,0.19508363,-0.1950836330652237
1.181,1.1458845,0.03511548614501958
0.0,-0.05385235,0.053852349519729614
0.256,0.40910563,-0.15310562872886657
0.0,-0.0073489193,0.007348919287323952
0.0,-0.050835285,0.05083528533577919
0.0,-0.0093958145,0.009395814500749111
0.0,0.08103001,-0.08103001117706299
0.0,0.0032459216,-0.0032459215726703405
0.0,-0.005925148,0.005925147794187069
0.0,-0.021138424,0.021138424053788185
0.0,-0.018383222,0.018383221700787544
2.629,3.0325305,-0.4035305461883545
0.099,0.36024532,-0.2612453172206879
0.0,-0.014270336,0.014270336367189884
0.0,-0.0145724565,0.01457245647907257
0.0,-0.005293474,0.005293474067002535
0.0,0.0029427416,-0.0029427416156977415
0.0,-0.0064972127,0.006497212685644627
0.352,0.41659364,-0.06459364104270937
0.0,-0.033486545,0.03348654508590698
0.127,0.06306025,0.06393975359201431
0.362,0.61842823,-0.25642823028564454
0.0,0.0014659116,-0.0014659116277471185
0.0,-0.0145724565,0.01457245647907257
0.0,-0.012974751,0.012974751181900501
0.0,-0.013437695,0.013437694869935513
0.0,0.11597854,-0.11597853899002075
0.0,-0.0093958145,0.009395814500749111
0.0,-0.014822718,0.014822717756032944
0.004,0.011593848,-0.007593847535550594
0.715,0.4376721,0.27732789158821103
0.0,-0.018139781,0.018139781430363655
1.414,1.3918117,0.022188271522521896
0.0,0.050068907,-0.05006890743970871
5.916,5.518007,0.39799319839477576
0.0,0.10020544,-0.1002054363489151
0.0,-0.015412207,0.015412206761538982
0.291,0.7406548,-0.4496548261642456
1.424,1.1382935,0.2857064952850341
0.0,-0.006609418,0.006609417963773012
0.0,-0.051456053,0.05145605280995369
24.503,18.478577,6.02442333984375
0.538,0.44939226,0.08860774087905887
0.0,-0.05327593,0.053275931626558304
0.0,-0.0047678067,0.004767806734889746
0.0,0.0045231692,-0.004523169249296188
0.0,-0.011635009,0.011635009199380875
0.0,-0.021785257,0.021785257384181023
0.0,-0.117810674,0.1178106740117073
0.003,0.5211263,-0.5181262702941895
0.37,0.24305761,0.12694239139556884
1.894,2.0354774,-0.1414773998260499
0.0,0.049983915,-0.0499839149415493
0.0,-0.4711081,0.4711081087589264
0.0,0.17946453,-0.17946453392505646
0.0,-0.009289998,0.0092899976298213
1.21,1.155062,0.05493803977966305
0.098,0.3484736,-0.25047360849380496
0.0,0.0017066457,-0.0017066457075998187
2.819,2.4208617,0.3981382789611816
0.0,0.14464466,-0.14464466273784637
0.0,0.3400522,-0.34005218744277954
0.0,0.118495084,-0.11849508434534073
0.0,-0.009826487,0.009826486930251122
0.0,-0.019455478,0.019455477595329285
0.0,0.02326151,-0.023261509835720062
0.0,0.026726224,-0.026726223528385162
0.0,-0.033136506,0.033136505633592606
0.0,0.12661693,-0.1266169250011444
0.0,-0.007817931,0.007817930541932583
0.0,-0.0049396525,0.004939652513712645
2.101,1.911104,0.18989603614807127
0.0,0.0024383222,-0.002438322175294161
0.0,0.04482801,-0.044828008860349655
0.0,-0.012974751,0.012974751181900501
0.455,0.20679422,0.24820578277111055
0.0,-0.09409252,0.09409251809120178
0.607,0.48439726,0.12260273766517638
0.0,-0.017087486,0.017087485641241074
0.0,0.14464466,-0.14464466273784637
0.0,0.0337341,-0.03373410180211067
0.0,-0.002501182,0.0025011820252984762
0.024,-0.02182072,0.04582072028517723
0.0,-0.017785363,0.017785362899303436
0.0,-0.009255688,0.009255687706172466
0.0,0.18164481,-0.18164481222629547
0.273,0.4904705,-0.2174704988002777
0.0,0.001437957,-0.0014379570493474603
0.0,-0.012189748,0.012189747765660286
0.0,-1.5403517,1.5403517484664917
0.0,-0.012644973,0.012644972652196884
0.0,-0.014427128,0.014427128247916698
0.0,-0.019455478,0.019455477595329285
8.1,6.320698,1.7793022155761715
0.0,-0.0059299557,0.005929955746978521
0.752,0.61761165,0.13438835334777832
0.04,-0.0140996985,0.05409969851374626
0.276,0.16744906,0.10855094289779665
0.0,-0.009620917,0.009620917029678822
0.0,0.05853343,-0.058533430099487305
0.038,0.09232336,-0.054323362827301026
0.626,0.58174103,0.04425896501541138
1.119,1.0285715,0.0904285135269165
0.0,0.004525355,-0.004525355063378811
0.0,0.06506076,-0.06506075710058212
0.032,0.09255397,-0.06055397319793701
0.0,-0.0009802335,0.0009802335407584906
0.0,0.003820166,-0.003820165991783142
0.0,0.060158934,-0.06015893444418907
0.012,0.35023922,-0.33823921728134154
0.0,0.0045231692,-0.004523169249296188
0.0,0.009135853,-0.009135852567851543
0.0,0.0051120305,-0.005112030543386936
0.021,0.08491128,-0.0639112793803215
0.0,-0.015704004,0.01570400409400463
0.0,0.46837202,-0.46837201714515686
0.0,0.1775747,-0.17757469415664673
0.0,0.0023085144,-0.0023085144348442554
0.0,-0.084004305,0.08400430530309677
23.719,24.582905,-0.8639048156738269
0.0,-0.011408298,0.011408298276364803
0.0,0.020383537,-0.02038353681564331
0.0,0.14052579,-0.14052578806877136
0.0,-0.016785841,0.016785841435194016
0.0,-0.006514579,0.0065145790576934814
0.0,-0.0127230575,0.01272305753082037
0.0,0.0065954356,-0.006595435552299023
0.422,0.12598245,0.2960175515413284
0.0,-0.020810222,0.020810222253203392
0.0,-0.05385235,0.053852349519729614
0.159,0.13707429,0.021925708293914797
0.0,0.018745886,-0.01874588616192341
0.0,0.13787255,-0.13787254691123962
0.0,-0.022258176,0.022258175536990166
0.0,-0.025385855,0.02538585476577282
0.0,-0.0111030415,0.011103041470050812
0.0,-0.058434978,0.05843497812747955
0.0,-0.0111030415,0.011103041470050812
0.138,0.5336497,-0.3956496829986572
0.0,-0.026215658,0.026215657591819763
0.109,-0.04815134,0.15715134033560751
0.0,-0.052444126,0.05244412645697594
0.613,0.53095996,0.08204003620147704
2.766,2.7658644,0.00013562774658204546
0.0,-0.005417667,0.0054176668636500835
0.0,-0.0002207467,0.00022074670414440334
0.494,0.4281113,0.06588868522644042
0.0,0.028745718,-0.02874571830034256
0.0,0.0033852917,-0.0033852916676551104
0.0,0.05223684,-0.05223684012889862
0.0,-0.009817446,0.009817445650696754
0.0,0.18145545,-0.18145544826984406
5.453,5.360941,0.09205906677246123
0.0,-0.035957925,0.03595792502164841
0.911,1.269176,-0.35817600631713864
1.026,0.74585044,0.28014955615997317
22.889,21.962698,0.9263020172119134
0.05,0.2670119,-0.2170119106769562
3.493,3.6896648,-0.1966648406982423
0.0,0.10023365,-0.10023365169763565
0.0,-0.015965778,0.0159657783806324
0.0,-0.030218542,0.030218541622161865
0.0,-0.011128243,0.011128243058919907
0.0,-0.00440881,0.004408809822052717
1.508,0.743591,0.7644089894294739
0.371,0.38308987,-0.012089870214462284
1.228,1.5870416,-0.35904161643981936
0.0,0.00635534,-0.006355340126901865
0.512,0.42855012,0.08344987583160401
0.0,-0.16215175,0.1621517539024353
0.0,0.0029427416,-0.0029427416156977415
0.0,0.027380701,-0.027380701154470444
0.0,0.0091347415,-0.009134741500020027
0.0,-0.016204825,0.016204824671149254
0.0,0.041104067,-0.041104067116975784
0.28,0.24339746,0.03660254061222079
0.025,0.147374,-0.1223740041255951
0.0,0.020383537,-0.02038353681564331
0.131,0.23703654,-0.1060365411043167
0.0,-0.00017296473,0.0001729647337924689
0.0,-0.017842185,0.017842184752225876
0.0,0.14464466,-0.14464466273784637
0.073,0.30212724,-0.22912724208831786
0.479,0.39556605,0.08343395376205442
0.32,0.27413654,0.045863456726074225
0.0,0.12838699,-0.128386989235878
0.0,-0.003494226,0.0034942259080708027
5.537,5.310983,0.22601681900024406
0.0,-0.026399497,0.02639949694275856
0.938,0.7568569,0.181143081665039
0.0,0.06322488,-0.06322488188743591
0.0,-0.039721645,0.039721645414829254
0.0,0.28694186,-0.28694185614585876
0.289,0.44941902,-0.16041902160644533
0.501,0.34535334,0.15564666485786438
0.0,0.07310616,-0.07310616225004196
0.0,0.0045231692,-0.004523169249296188
3.486,3.217751,0.26824897384643576
0.033,0.57295966,-0.5399596614837646
0.022,0.06684966,-0.04484965640306473
0.0,0.0023936795,-0.0023936794605106115
0.0,0.3920438,-0.392043799161911
0.0,-0.02333564,0.023335639387369156
0.0,0.0091688065,-0.009168806485831738
0.0,-0.007367384,0.0073673841543495655
0.0,0.05020808,-0.05020808055996895
0.0,0.059842125,-0.059842124581336975
0.0,-0.0013597809,0.0013597809011116624
0.0,0.07346984,-0.07346983999013901
2.074,1.5943409,0.4796590795516966
0.0,-0.04493841,0.04493841156363487
0.485,0.55829173,-0.07329173326492311
0.04,0.0022583273,0.037741672676056624
0.0,-0.039721645,0.039721645414829254
0.0,0.02232649,-0.02232648991048336
0.0,0.026660219,-0.026660218834877014
0.0,0.12802576,-0.12802575528621674
0.0,0.0024839237,-0.002483923686668277
0.0,-0.024132533,0.024132532998919487
0.473,0.72683316,-0.2538331646919251
0.0,-0.0004953291,0.0004953290917910635
0.0,-0.0047949227,0.004794922657310963
0.0,-0.051897902,0.05189790204167366
0.0,0.087655745,-0.08765574544668198
0.154,0.39729735,-0.24329735255241394
0.0,-0.03804121,0.038041211664676666
0.0,-0.0504716,0.05047160014510155
0.0,0.08603567,-0.08603566884994507
0.0,-0.005293474,0.005293474067002535
0.007,-0.016680053,0.023680052503943443
0.0,0.01672942,-0.01672942005097866
0.0,0.0032827654,-0.00328276539221406
0.0,0.31291,-0.3129099905490875
0.0,-0.045078058,0.045078057795763016
0.0,0.0022145766,-0.002214576583355665
0.0,-0.08791449,0.08791448920965195
0.0,-0.008272155,0.008272155188024044
0.0,-0.015695121,0.01569512113928795
0.0,-0.03708444,0.037084441632032394
0.0,0.022897828,-0.022897828370332718
0.692,0.4453438,0.24665620756149287
0.0,-0.037601538,0.037601538002491
0.0,-0.008272155,0.008272155188024044
0.016,0.15273039,-0.13673039042949675
0.0,-0.008772734,0.008772733621299267
0.0,0.08396913,-0.0839691311120987
0.0,0.0022055514,-0.0022055513691157103
0.659,0.64832884,0.010671159267425567
0.0,-0.09197967,0.09197966754436493
0.0,-0.0016665956,0.001666595577262342
0.0,-0.010739357,0.010739357210695744
5.481,5.4271507,0.0538492736816405
0.0,0.055428457,-0.055428456515073776
0.277,0.77139246,-0.4943924646377563
0.0,-0.016068015,0.01606801524758339
0.173,0.39647254,-0.2234725434780121
0.0,-0.10189059,0.10189058631658554
0.0,0.041104067,-0.041104067116975784
0.669,0.6214079,0.047592073917388955
0.0,0.019888427,-0.01988842710852623
0.0,-0.009136419,0.00913641881197691
0.0,-0.007924514,0.007924513891339302
0.0,-0.018139781,0.018139781430363655
0.0,0.04359541,-0.043595410883426666
0.0,-0.084094375,0.08409437537193298
0.138,0.13839473,-0.0003947283029556159
0.0,0.095322534,-0.09532253444194794
1.607,2.700716,-1.0937160186767578
0.0,-0.014270336,0.014270336367189884
0.0,-0.017785363,0.017785362899303436
0.0,-0.04296417,0.04296417161822319
0.0,0.00025617023,-0.00025617022765800357
0.0,0.0023936795,-0.0023936794605106115
0.0,0.055428457,-0.055428456515073776
0.061,0.41735306,-0.3563530638217926
0.0,0.012780782,-0.012780781835317612
0.0,0.14027746,-0.1402774602174759
0.0,0.042556547,-0.04255654662847519
0.0,-0.014270336,0.014270336367189884
0.0,-0.09748603,0.09748602658510208
0.102,0.0971927,0.004807302772998803
10.129,9.903232,0.22576837921142534
0.0,-0.014430656,0.014430656097829342
0.0,-0.035104558,0.03510455787181854
0.0,0.37572998,-0.3757299780845642
0.497,0.41712388,0.07987611603736877
0.0,-0.014182717,0.014182716608047485
0.0,-0.016204825,0.016204824671149254
0.0,-0.061186273,0.06118627265095711
0.033,0.11789376,-0.0848937628865242
0.0,0.050632995,-0.05063299462199211
0.0,-0.009289998,0.0092899976298213
0.0,-0.01467385,0.014673849567770958
0.0,-0.017359456,0.017359456047415733
0.026,0.10538398,-0.0793839772939682
0.014,0.1021475,-0.08814749723672867
0.0,0.0072711403,-0.007271140348166227
0.327,0.7428524,-0.41585238981246947
0.0,-0.030041192,0.03004119172692299
0.0,0.040073577,-0.04007357731461525
0.0,-0.16866931,0.16866931319236755
0.0,0.0001158734,-0.00011587340122787282
0.0,0.079114236,-0.07911423593759537
0.0,-0.038026717,0.03802671656012535
0.0,0.036582097,-0.0365820974111557
0.0,0.00029232388,-0.0002923238789662719
0.0,-0.0055106,0.005510599818080664
0.0,0.038095396,-0.038095396012067795
0.0,0.0035243365,-0.0035243364982306957
0.0,-0.00052449893,0.0005244989297352731
0.0,0.03351806,-0.03351806104183197
0.0,-0.003494226,0.0034942259080708027
0.051,0.039354805,0.011645195096731183
0.0,0.078196384,-0.07819638401269913
0.658,0.5181857,0.13981432485580447
0.0,-0.020446537,0.02044653706252575
0.0,0.0027573633,-0.0027573632542043924
1.232,0.8535273,0.378472692489624
0.583,0.33089316,0.25210684108734127
0.0,0.02341434,-0.023414339870214462
0.0,0.042693473,-0.042693473398685455
0.142,0.30270085,-0.16070084738731386
0.0,0.103730075,-0.10373007506132126
0.0,0.12616578,-0.12616577744483948
0.0,0.018490799,-0.018490798771381378
0.0,0.00635534,-0.006355340126901865
0.0,-0.020810222,0.020810222253203392
0.0,0.0048868526,-0.004886852577328682
0.0,-0.014427128,0.014427128247916698
0.0,0.11119793,-0.11119793355464935
3.138,3.1205094,0.01749061393737783
0.0,-0.00052449893,0.0005244989297352731
2.038,2.5049102,-0.46691023063659687
0.0,-0.014427128,0.014427128247916698
0.043,0.27758938,-0.2345893807411194
0.0,0.014111933,-0.014111933298408985
0.0,-0.009619373,0.009619372896850109
0.0,0.0032402014,-0.0032402013894170523
0.0,-0.01074806,0.010748060420155525
0.1,0.17282061,-0.07282061278820037
0.0,-0.08069174,0.08069173991680145
0.057,0.23329522,-0.17629521715641022
0.0,0.2285324,-0.22853240370750427
0.0,0.001095052,-0.0010950519936159253
0.0,0.05112649,-0.05112649127840996
0.276,0.49536496,-0.21936496400833128
0.0,0.18463632,-0.18463632464408875
0.0,-0.011408298,0.011408298276364803
0.185,1.0182403,-0.8332403326034545
0.305,0.2847553,0.020244710445404046
0.0,-0.0061890255,0.0061890254728496075
0.0,-0.016356213,0.01635621301829815
0.0,-0.019860873,0.019860872998833656
0.0,-1.7419652,1.7419651746749878
0.065,0.4493564,-0.38435640692710876
0.0,0.045057777,-0.04505777731537819
2.032,1.7462996,0.28570037555694583
0.0,0.05201504,-0.0520150400698185
0.812,0.6934089,0.1185910935401917
0.0,-0.11835467,0.1183546707034111
0.0,-0.021785257,0.021785257384181023
0.0,0.00025617023,-0.00025617022765800357
0.0,-0.08777537,0.08777537196874619
0.0,-0.015331436,0.015331435948610306
0.338,0.26014382,0.07785618352890017
0.0,-0.012974751,0.012974751181900501
0.0,0.051490176,-0.0514901764690876
0.0,-0.007305224,0.00730522396042943
0.0,0.003820166,-0.003820165991783142
0.0,-0.01714756,0.01714755967259407
0.0,-0.015695121,0.01569512113928795
0.0,0.05285633,-0.05285632982850075
0.0,-0.024307955,0.02430795505642891
0.0,0.0014997222,-0.001499722246080637
0.0,-0.017794857,0.017794856801629066
0.414,0.7808754,-0.3668753848075867
0.0,-0.015878417,0.01587841659784317
0.0,0.09473186,-0.09473185986280441
0.0,0.03628213,-0.03628212958574295
0.0,-0.01375501,0.013755010440945625
1.437,0.7780832,0.6589167947769166
0.0,0.00184919,-0.0018491899827495217
0.0,-0.006408066,0.006408066023141146
0.0,-0.018695774,0.0186957735568285
0.0,0.06995641,-0.06995640695095062
0.0,-0.01467385,0.014673849567770958
2.486,1.6855172,0.8004828081130984
0.551,0.637028,-0.08602797889709468
0.0,-0.005304735,0.005304735153913498
0.614,0.43532392,0.17867607617378234
4.18,4.57688,-0.3968799781799319
0.901,0.65522647,0.24577353096008303
0.0,-0.0068631815,0.006863181479275227
0.0,0.0035243365,-0.0035243364982306957
0.0,-0.0004953291,0.0004953290917910635
0.0,-0.0002207467,0.00022074670414440334
0.0,-0.01165555,0.011655550450086594
0.0,0.04142209,-0.04142209142446518
0.0,-0.00023833233,0.00023833232990000397
1.797,2.107415,-0.3104149608612061
0.0,0.021534441,-0.02153444103896618
0.0,-0.00945376,0.009453760460019112
0.0,0.13344973,-0.1334497332572937
0.0,0.022395894,-0.022395893931388855
0.0,-0.011408298,0.011408298276364803
0.0,-0.024627158,0.024627158418297768
0.0,0.07081022,-0.0708102211356163
0.0,0.06322488,-0.06322488188743591
0.0,-0.005487225,0.005487225018441677
0.0,0.029428525,-0.029428524896502495
0.272,0.37151653,-0.09951652574539183
0.0,0.0030216083,-0.0030216083396226168
0.0,-0.014822718,0.014822717756032944
0.0,0.04052765,-0.040527649223804474
0.0,-0.010977028,0.01097702793776989
0.0,0.12342393,-0.12342392653226852
0.0,-0.031231176,0.031231176108121872
0.041,0.34311196,-0.30211196208000185
0.492,0.7796974,-0.28769741821289063
0.0,-0.032768354,0.03276835381984711
0.0,-0.0030544626,0.003054462606087327
0.0,0.10717749,-0.1071774885058403
0.0,0.0711739,-0.07117389887571335
0.0,-0.008474126,0.00847412645816803
0.154,0.55678195,-0.4027819476127624
0.0,-0.00052449893,0.0005244989297352731
0.0,0.03196645,-0.031966451555490494
0.177,0.09810015,0.07889985185861587
0.0,-0.07863927,0.07863926887512207
0.0,0.0045231692,-0.004523169249296188
0.0,-0.009489587,0.00948958657681942
0.0,0.26456556,-0.2645655572414398
0.0,-0.032768354,0.03276835381984711
0.0,-0.01417626,0.014176259748637676
1.508,2.260562,-0.7525619430541992
0.0,-0.018605687,0.018605686724185944
0.0,-0.005394426,0.005394426174461842
0.0,0.012323556,-0.012323555536568165
0.0,0.1714278,-0.17142780125141144
0.0,0.040073577,-0.04007357731461525
0.151,0.17865813,-0.02765812778472901
0.0,-0.050835285,0.05083528533577919
0.0,-0.022955304,0.022955304011702538
0.0,-0.00052449893,0.0005244989297352731
0.0,0.022690171,-0.022690171375870705
0.0,-0.034617398,0.03461739793419838
0.035,-0.00067021,0.03567020999267698
0.0,0.2452055,-0.24520550668239594
0.0,-0.005487225,0.005487225018441677
0.607,0.52532935,0.08167064857482909
0.052,0.067891285,-0.015891284823417666
0.0,0.014537608,-0.014537608250975609
0.0,0.23742068,-0.2374206781387329
0.0,-0.33079654,0.3307965397834778
0.0,-0.0051117055,0.005111705511808395
0.0,-0.004213528,0.004213527776300907
0.0,-0.007305224,0.00730522396042943
0.0,0.00529995,-0.005299950018525124
0.0,-0.03729108,0.03729107975959778
0.0,-0.018357215,0.01835721544921398
0.0,0.041104067,-0.041104067116975784
0.097,0.17721002,-0.08021001803874969
0.0,0.014537608,-0.014537608250975609
0.0,-0.0004953291,0.0004953290917910635
0.946,0.8114928,0.1345071992874145
0.0,0.0091347415,-0.009134741500020027
0.0,0.014423806,-0.014423806220293045
0.0,-0.0103838565,0.010383856482803822
0.0,0.029428525,-0.029428524896502495
0.0,-0.018121196,0.01812119595706463
0.0,0.028729126,-0.02872912585735321
0.0,0.3336791,-0.33367910981178284
0.0,0.021972436,-0.02197243645787239
0.051,0.23999692,-0.18899692499637605
1.096,1.0544137,0.04158632373809823
1.357,0.70376843,0.6532315678596496
0.217,0.26957902,-0.05257902312278748
0.053,0.19020109,-0.1372010887861252
0.0,0.016592143,-0.01659214310348034
0.0,0.07480338,-0.07480338215827942
0.0,-0.007305224,0.00730522396042943
0.0,-0.009619373,0.009619372896850109
0.105,0.04104431,0.06395569026470184
0.0,-0.0030544626,0.003054462606087327
0.0,0.26426202,-0.26426202058792114
0.0,-0.1131026,0.11310259997844696
3.068,3.3846698,-0.3166697807312011
0.0,-0.00945376,0.009453760460019112
0.0,0.028257826,-0.02825782634317875
0.0,-0.018605687,0.018605686724185944
0.0,-0.01186802,0.011868019588291645
0.0,-0.005293474,0.005293474067002535
0.0,-0.013405545,0.013405544683337212
0.062,0.5107327,-0.4487327103614807
0.0,-0.0391468,0.039146799594163895
0.0,-0.06637054,0.06637053936719894
0.0,-0.01381258,0.013812580145895481
0.0,-0.0065073324,0.006507332436740398
0.0,-0.2273598,0.227359801530838
7.261,7.1776295,0.08337052917480481
0.0,-0.02058198,0.020581979304552078
0.0,0.09609519,-0.09609518945217133
0.0,-0.04296417,0.04296417161822319
0.0,-0.09748603,0.09748602658510208
0.0,-0.0076866406,0.007686640601605177
0.0,-0.0002207467,0.00022074670414440334
0.0,0.012323556,-0.012323555536568165
1.684,2.6236775,-0.9396774921417237
0.0,-0.039721645,0.039721645414829254
0.0,-0.0006020165,0.000602016516495496
0.0,0.057822414,-0.05782241374254227
0.022,0.00034906814,0.021650931858923285
0.0,-0.055472516,0.055472515523433685
0.0,0.001706873,-0.0017068729503080249
0.0,0.018657353,-0.018657352775335312
0.0,0.10697959,-0.10697959363460541
0.0,0.0045231692,-0.004523169249296188
0.036,0.28785425,-0.2518542542457581
0.46,0.4527626,0.007237396240234395
0.0,-0.04303369,0.04303368926048279
0.0,-0.0030271672,0.003027167171239853
0.0,-0.024132533,0.024132532998919487
0.0,0.11685234,-0.11685234308242798
0.0,0.010223859,-0.01022385898977518
0.0,0.003820166,-0.003820165991783142
0.0,-0.005781351,0.005781351123005152
0.313,0.25727105,0.05572894859313965
0.0,-0.0043302593,0.004330259282141924
0.0,-0.026399497,0.02639949694275856
1.129,1.0381545,0.0908455171585083
0.762,1.1651995,-0.40319951820373534
0.0,0.029792206,-0.02979220636188984
0.0,0.028659048,-0.028659047558903694
0.0,-0.07406845,0.07406844943761826
0.0,-0.0038498442,0.00384984421543777
0.0,-0.011282679,0.011282678693532944
23.704,23.162361,0.5416388549804694
0.178,0.121985465,0.05601453471183776
0.282,0.48812997,-0.20612997341156009
0.659,1.8493503,-1.1903503332138061
1.509,0.70064163,0.8083583679199218
0.016,0.35579473,-0.3397947278022766
0.0,-0.16587171,0.16587170958518982
0.0,-0.053488664,0.05348866432905197
0.0,-0.0065969178,0.006596917752176523
0.0,-0.0018359493,0.0018359492532908916
0.065,0.46459177,-0.39959177136421203
0.0,-0.016883438,0.01688343845307827
0.0,-0.008736897,0.008736897259950638
6.701,6.3752985,0.32570149993896447
0.0,-0.010672893,0.01067289337515831
0.271,0.17989479,0.0911052099466324
0.0,0.030014463,-0.030014462769031525
0.0,-0.03708444,0.037084441632032394
0.24,0.5438595,-0.30385948181152345
0.0,0.09288299,-0.09288299083709717
0.0,-0.028894223,0.028894223272800446
0.847,0.9176296,-0.07062959957122805
0.0,-0.0059299557,0.005929955746978521
0.0,-0.0060586617,0.006058661732822657
0.0,-0.018695774,0.0186957735568285
3.005,3.4690275,-0.4640275192260743
0.0,-0.025385855,0.02538585476577282
0.0,-0.0111030415,0.011103041470050812
0.0,0.050632995,-0.05063299462199211
0.0,0.0023936795,-0.0023936794605106115
0.876,0.9554535,-0.07945351505279541
0.454,0.4236427,0.030357305049896255
0.0,0.014728668,-0.0147286681458354
0.0,0.059842125,-0.059842124581336975
0.045,0.0040061697,0.04099383026361465
0.0,-0.01440765,0.014407649636268616
0.0,0.13468339,-0.13468338549137115
0.007,-0.0023371282,0.009337128156796097
2.206,1.9509141,0.25508585548400875
0.0,-0.031604145,0.03160414472222328
0.0,-0.021279238,0.021279238164424896
1.347,1.1173718,0.22962820243835447
0.0,-0.027507985,0.02750798501074314
0.0,0.022395894,-0.022395893931388855
0.0,-0.0018398147,0.0018398147076368332
0.0,-0.00052449893,0.0005244989297352731
0.0,-0.0666111,0.06661110371351242
0.0,-0.024239684,0.024239683523774147
0.0,-0.008065696,0.008065695874392986
0.906,0.6859172,0.22008280134201053
18.913,19.978842,-1.0658417816162107
0.0,-0.040384535,0.04038453474640846
0.0,0.084757395,-0.08475739508867264
34.661,33.618565,1.0424353942871107
0.3,0.50885457,-0.20885456800460817
0.0,0.5569922,-0.5569921731948853
0.0,-0.009826487,0.009826486930251122
0.0,-0.013437695,0.013437694869935513
0.0,0.050632995,-0.05063299462199211
0.0,-0.007884459,0.007884458638727665
0.0,-0.008474126,0.00847412645816803
0.0,-0.0139501905,0.013950190506875515
0.0,-0.0666111,0.06661110371351242
0.0,-0.014430656,0.014430656097829342
0.0,-0.00440881,0.004408809822052717
0.488,0.42565447,0.062345529079437245
0.0,-0.05385235,0.053852349519729614
0.298,0.15579939,0.14220061111450194
0.0,-0.020153869,0.020153868943452835
0.0,0.017729087,-0.01772908680140972
0.0,0.030658068,-0.030658068135380745
0.022,0.20435019,-0.18235018837451936
0.089,0.19710773,-0.10810773229599
0.0,0.00025617023,-0.00025617022765800357
0.097,0.037329413,0.05967058700323105
0.04,-0.057976,0.09797600001096726
0.0,0.11119793,-0.11119793355464935
0.0,-0.008065696,0.008065695874392986
0.0,-0.012189748,0.012189747765660286
7.501,6.959844,0.5411558876037601
0.0,-0.0035561617,0.003556161653250456
0.0,0.007252638,-0.007252638228237629
0.0,0.20170021,-0.20170021057128906
0.0,-0.03409705,0.03409704938530922
0.0,-0.10295977,0.1029597669839859
0.0,0.031140283,-0.0311402827501297
0.0,-0.0059088273,0.005908827297389507
0.0,-0.095798485,0.09579848498106003
0.0,-0.020810222,0.020810222253203392
0.0,-0.0047678067,0.004767806734889746
0.0,-0.019994283,0.019994283095002174
3.136,2.6642613,0.4717386589050294
0.0,-0.086867884,0.08686788380146027
0.0,-0.008272685,0.008272685110569
0.0,0.056784056,-0.05678405612707138
0.069,0.051265396,0.0177346038222313
0.0,-0.014430656,0.014430656097829342
0.0,-0.0066677146,0.006667714565992355
0.182,0.54060423,-0.35860423374176026
1.185,1.3338932,-0.1488931798934936
0.0,-0.010036525,0.010036525316536427
4.743,4.4519153,0.29108473587036165
0.087,-0.03589469,0.12289468821883201
0.0,0.17851996,-0.17851996421813965
0.0,-0.021069394,0.021069394424557686
0.0,-0.007520777,0.007520777173340321
0.0,0.040073577,-0.04007357731461525
1.316,1.3845301,-0.0685300674438476
0.0,-0.09760146,0.09760145843029022
0.094,0.11634615,-0.022346150636672973
0.039,0.14249393,-0.10349393343925475
0.0,0.042595547,-0.04259554669260979
0.37,0.5015671,-0.13156712532043457
0.0,-0.023436053,0.023436052724719048
0.0,-0.026399497,0.02639949694275856
0.0,-0.008065696,0.008065695874392986
0.0,-0.015878417,0.01587841659784317
0.0,-0.0004953291,0.0004953290917910635
0.004,0.0072516445,-0.003251644507050514
0.0,0.21503085,-0.21503084897994995
0.0,-0.0046020886,0.004602088592946529
3.181,3.4048216,-0.2238216342926025
0.0,0.10414517,-0.10414516925811768
0.0,0.052038968,-0.05203896760940552
0.0,0.042231854,-0.04223185405135155
0.0,-0.049667425,0.04966742545366287
0.0,-0.01296455,0.012964550405740738
0.0,0.04813019,-0.04813019186258316
0.0,0.17584541,-0.1758454144001007
0.0,-0.012189748,0.012189747765660286
0.0,0.27278525,-0.2727852463722229
0.0,-0.037553057,0.037553057074546814
0.0,-0.023799736,0.02379973605275154
0.0,-0.009136419,0.00913641881197691
0.0,-0.0030544626,0.003054462606087327
0.0,-0.0030271672,0.003027167171239853
0.0,0.0001158734,-0.00011587340122787282
0.0,0.01649052,-0.016490520909428596
0.0,-0.016141195,0.016141194850206375
0.055,0.13866842,-0.08366841793060303
0.0,0.025864758,-0.02586475759744644
0.553,0.89633304,-0.34333303880691524
0.0,0.0091347415,-0.009134741500020027
3.391,3.3686025,0.02239748573303224
0.0,-0.019957704,0.019957704469561577
4.317,3.18823,1.1287699623107912
0.0,0.014537608,-0.014537608250975609
0.013,0.07096726,-0.05796725702285767
0.022,-0.03416537,0.05616537120938301
0.0,0.24841994,-0.24841994047164917
0.495,0.44765082,0.047349179983139034
0.0,-0.008772734,0.008772733621299267
0.0,0.023202246,-0.02320224605500698
0.0,-0.010874855,0.01087485533207655
0.436,0.4913892,-0.05538918519020081
0.0,-0.010619465,0.01061946526169777
1.944,3.0338936,-1.0898935852050782
0.0,0.025399802,-0.02539980225265026
0.0,-0.0504716,0.05047160014510155
0.0,0.07081022,-0.0708102211356163
0.0,0.19453235,-0.1945323497056961
0.0,0.08396913,-0.0839691311120987
0.0,-0.012281288,0.012281288392841816
0.0,-0.0065969178,0.006596917752176523
0.0,0.0051120305,-0.005112030543386936
0.0,0.8301289,-0.8301289081573486
0.0,0.0032459216,-0.0032459215726703405
0.0,0.13787255,-0.13787254691123962
0.0,-0.023799736,0.02379973605275154
0.07,0.08565324,-0.01565323799848556
0.0,-0.0111030415,0.011103041470050812
2.557,1.7487775,0.8082224912643432
0.0,0.10919891,-0.1091989129781723
0.0,-0.015362025,0.015362025238573551
0.0,0.0037353057,-0.003735305741429329
2.07,1.1522446,0.9177554321289061
0.0,0.024605647,-0.0246056467294693
0.0,0.022395894,-0.022395893931388855
0.367,0.20489131,0.16210869085788726
0.0,-0.022955304,0.022955304011702538
0.0,-0.019438902,0.01943890191614628
0.0,-0.039721645,0.039721645414829254
0.0,-0.011176504,0.01117650419473648
0.0,-0.10371109,0.1037110909819603
0.0,-0.019994283,0.019994283095002174
0.0,0.16985005,-0.16985005140304565
0.0,0.052402645,-0.052402645349502563
0.0,0.022690171,-0.022690171375870705
0.0,0.00029232388,-0.0002923238789662719
0.0,0.060460027,-0.06046002730727196
0.0,0.0033481806,-0.0033481805585324764
0.0,-0.05385235,0.053852349519729614
0.0,0.00024832142,-0.00024832141934894025
0.0,-0.03875707,0.038757070899009705
0.0,0.0026323237,-0.0026323236525058746
0.0,-0.034548134,0.03454813361167908
1.319,1.5286908,-0.20969081497192388
0.0,-0.01074806,0.010748060420155525
0.036,0.19124886,-0.15524886393547058
0.0,-0.018605687,0.018605686724185944
0.371,0.19536437,0.1756356290578842
0.0,-0.16801319,0.16801318526268005
0.0,-0.03875707,0.038757070899009705
0.0,-0.018605687,0.018605686724185944
0.0,0.017985797,-0.017985796555876732
0.0,0.022897828,-0.022897828370332718
0.0,-0.019455478,0.019455477595329285
0.0,-0.011635009,0.011635009199380875
0.182,0.41822183,-0.2362218313217163
0.0,-0.015514731,0.015514731407165527
0.0,-0.007271945,0.007271945010870695
0.0,-0.42329547,0.4232954680919647
0.011,0.009371291,0.001628709085285663
0.0,0.007258179,-0.007258179131895304
0.0,0.0067190244,-0.006719024386256933
0.0,0.059842125,-0.059842124581336975
0.0,-0.0064972127,0.006497212685644627
0.0,-0.027870532,0.027870532125234604
0.0,0.010134281,-0.010134280659258366
0.0,-0.01692068,0.016920680180191994
0.0,-0.024132533,0.024132532998919487
0.0,-0.006778767,0.006778766866773367
0.0,-0.007594124,0.00759412394836545
0.323,0.20489131,0.11810869085788728
0.0,0.013748244,-0.013748244382441044
6.306,6.8231187,-0.5171186866760253
0.0,-0.004656844,0.004656843841075897
0.0,-0.005925148,0.005925147794187069
0.0,-0.0006020165,0.000602016516495496
0.251,0.772642,-0.5216420164108276
0.0,-0.006948684,0.006948683876544237
0.0,0.09299915,-0.09299915283918381
0.12,0.10472478,0.015275220274925227
0.0,0.040669,-0.04066900163888931
0.0,0.0015223266,-0.001522326609119773
0.0,-0.02711822,0.027118220925331116
0.225,0.4376557,-0.21265568733215331
0.0,0.026802726,-0.026802726089954376
0.007,-0.04737931,0.05437931117415428
0.0,-0.01848488,0.018484879285097122
1.222,1.4991752,-0.27717519092559817
0.0,0.010377545,-0.010377544909715652
0.338,0.24708879,0.09091121006011965
25.969,24.97471,0.9942895355224621
5.277,5.310479,-0.03347916412353502
0.0,0.0011763761,-0.0011763761285692453
0.0,-0.011504336,0.011504336260259151
0.0,-0.008736897,0.008736897259950638
0.0,-0.05385235,0.053852349519729614
0.0,-0.007594124,0.00759412394836545
0.0,0.12616578,-0.12616577744483948
0.0,-0.019455478,0.019455477595329285
0.927,0.48897505,0.4380249519348145
0.091,0.057548575,0.03345142489671707
3.093,3.0136974,0.0793026142120361
0.0,-0.06958893,0.06958892941474915
0.0,-0.054893136,0.0548931360244751
0.0,-0.005417667,0.0054176668636500835
0.0,0.1989731,-0.19897310435771942
0.0,-0.017802427,0.01780242659151554
36.292,38.158737,-1.866737182617186
0.0,0.05475778,-0.05475778132677078
0.0,-0.01697075,0.01697074994444847
1.113,1.2591968,-0.14619675827026368
0.0,-0.0145724565,0.01457245647907257
0.0,-0.014822718,0.014822717756032944
1.436,1.7583284,-0.32232843780517584
0.0,-0.014892135,0.014892134815454483
0.0,0.0020872967,-0.00208729668520391
0.0,-0.0068631815,0.006863181479275227
0.023,0.040386,-0.01738599878549576
0.0,0.48056644,-0.48056644201278687
0.0,-0.0004953291,0.0004953290917910635
0.0,-0.00017296473,0.0001729647337924689
0.0,-0.008407722,0.008407722227275372
0.0,-0.027439136,0.027439136058092117
0.0,-0.0030271672,0.003027167171239853
0.0,-0.119393915,0.11939391493797302
0.0,0.004525355,-0.004525355063378811
0.0,0.25000975,-0.2500097453594208
0.0,-0.015412207,0.015412206761538982
0.22,0.31884438,-0.09884437799453735
0.0,-0.03708444,0.037084441632032394
0.0,0.03351806,-0.03351806104183197
0.0,0.33562133,-0.33562132716178894
35.637,34.92219,0.7148083801269536
0.0,0.0921001,-0.0921000987291336
0.0,0.032295242,-0.032295241951942444
0.0,0.003820166,-0.003820165991783142
0.0,-0.004713955,0.004713954869657755
0.0,-0.016356213,0.01635621301829815
0.0,-0.014376578,0.01437657792121172
28.511,26.333231,2.17776902770996
0.863,1.355167,-0.492167031288147
0.727,0.613392,0.1136080045700073
0.0,-0.0023725764,0.0023725763894617558
0.0,0.034237567,-0.0342375673353672
0.0,-0.014427128,0.014427128247916698
0.0,-0.0004953291,0.0004953290917910635
0.0,0.023752986,-0.023752985522150993
0.121,0.20675604,-0.08575604045391083
0.0,-0.066369325,0.06636932492256165
0.0,-0.09548904,0.09548904001712799
0.047,0.117708124,-0.07070812422037125
0.142,0.27368188,-0.13168187904357911
0.0,0.14074105,-0.14074105024337769
0.225,0.27425417,-0.04925417304039001
0.0,0.0825416,-0.08254159986972809
0.0,-0.017087486,0.017087485641241074
0.0,0.014537608,-0.014537608250975609
0.0,-0.03253495,0.032534949481487274
0.0,-0.03409705,0.03409704938530922
0.0,-0.0059088273,0.005908827297389507
0.0,-0.11103388,0.11103387922048569
5.059,4.5428853,0.5161146965026857
0.498,0.28748715,0.21051285076141357
0.566,0.41098583,0.15501417255401606
0.0,0.09503187,-0.09503187239170074
0.0,0.0011763761,-0.0011763761285692453
0.0,0.010219531,-0.010219531133770943
0.0,-0.04493841,0.04493841156363487
0.0,-0.0036344107,0.0036344106774777174
0.0,0.14329526,-0.1432952582836151
0.252,0.29857078,-0.04657078194618225
0.0,-0.0076866406,0.007686640601605177
0.0,-0.03735053,0.03735053166747093
0.0,-0.016356213,0.01635621301829815
0.0,0.0711739,-0.07117389887571335
0.0,-0.0047949227,0.004794922657310963
12.64,9.588335,3.0516649627685553
0.0,0.059430674,-0.059430673718452454
0.0,0.06369083,-0.06369082629680634
0.0,-0.010566819,0.010566819459199905
0.0,0.06894567,-0.06894566863775253
3.425,3.8282459,-0.40324587821960467
0.0,-0.01833209,0.018332090228796005
0.0,-0.018139781,0.018139781430363655
0.0,0.21800734,-0.21800734102725983
0.0,-0.032898635,0.03289863467216492
0.073,0.2763534,-0.2033533890247345
0.0,-0.016356213,0.01635621301829815
0.0,0.028257826,-0.02825782634317875
0.0,-0.04465828,0.04465828090906143
0.0,0.0071204086,-0.007120408583432436
0.0,0.07310616,-0.07310616225004196
0.0,0.00025617023,-0.00025617022765800357
0.0,0.06286119,-0.06286118924617767
1.174,1.7466401,-0.5726400861740113
0.0,-0.0047949227,0.004794922657310963
0.104,0.4453138,-0.3413138113021851
0.0,-0.009134425,0.009134424850344658
0.0,-0.008957477,0.008957477286458015
0.0,0.0026323237,-0.0026323236525058746
0.0,-0.049077228,0.04907722771167755
84.961,72.37525,12.585748229980467
0.367,0.89228505,-0.5252850489616394
0.0,-0.012974751,0.012974751181900501
0.0,0.25701442,-0.2570144236087799
0.0,-0.03708444,0.037084441632032394
0.0,0.012323556,-0.012323555536568165
0.0,0.02232649,-0.02232648991048336
0.0,-0.008810023,0.008810022845864296
0.0,-0.009817446,0.009817445650696754
0.0,-0.0039503495,0.003950349520891905
0.0,0.029141633,-0.029141632840037346
0.0,0.0281557,-0.028155699372291565
0.0,0.0037353057,-0.003735305741429329
0.0,-0.016356213,0.01635621301829815
0.0,0.02862151,-0.028621509671211243
0.0,-0.028446687,0.028446687385439873
2.125,2.3788033,-0.2538032531738281
0.0,0.006673299,-0.00667329877614975
0.0,-0.01574164,0.015741640701889992
0.494,0.6568485,-0.1628484902381897
0.0,0.0006198536,-0.0006198536138981581
0.035,0.11062035,-0.07562034964561462
0.0,-0.0041229897,0.004122989717870951
0.0,-0.012281288,0.012281288392841816
0.0,0.008796305,-0.008796305395662785
0.022,0.05586109,-0.03386108937859535
0.0,-0.090742014,0.09074201434850693
0.0,0.25624865,-0.2562486529350281
0.0,0.050632995,-0.05063299462199211
0.0,0.0051847156,-0.005184715613722801
0.792,0.45056096,0.3414390428066254
0.0,-0.041714054,0.041714053601026535
0.0,-0.015437394,0.015437394380569458
0.0,0.016848372,-0.016848372295498848
0.0,-0.0145724565,0.01457245647907257
0.0,-0.009619373,0.009619372896850109
0.0,0.05099668,-0.050996679812669754
0.0,-0.04525795,0.04525794833898544
0.0,-0.011635009,0.011635009199380875
2.658,0.76465946,1.8933405356407165
0.0,-0.0077020153,0.0077020153403282166
0.0,-0.0060586617,0.006058661732822657
0.116,0.2924692,-0.17646920347213746
0.0,0.29086053,-0.29086053371429443
0.0,-0.016356213,0.01635621301829815
26.429,25.067938,1.36106214904785
0.0,-0.009826487,0.009826486930251122
30.658,27.665043,2.9929571228027356
0.0,0.07081022,-0.0708102211356163
0.0,0.09299915,-0.09299915283918381
0.0,0.039734457,-0.039734456688165665
0.0,-0.09147283,0.09147282689809799
0.077,0.35818398,-0.28118397998809813
0.0,-0.12547073,0.12547072768211365
0.948,1.4117249,-0.4637249250411988
0.0,-0.0066786595,0.0066786594688892365
0.0,-0.020810222,0.020810222253203392
0.767,0.7309379,0.036062101840972915
0.0,-0.039491758,0.03949175775051117
0.0,-0.0116150845,0.011615084484219551
0.0,0.004369466,-0.004369466099888086
0.403,0.67357063,-0.2705706329345703
0.0,0.18491244,-0.18491244316101074
0.0,-0.007305224,0.00730522396042943
0.0,-0.0145724565,0.01457245647907257
0.0,-0.04930374,0.04930374026298523
0.0,-0.0076866406,0.007686640601605177
0.0,-0.01833209,0.018332090228796005
0.087,0.485638,-0.3986379926204682
0.007,0.09254801,-0.08554801273345947
0.0,-0.03620505,0.036205049604177475
0.0,-0.007520777,0.007520777173340321
0.238,-0.019415062,0.25741506192088126
0.0,-0.0066786595,0.0066786594688892365
0.0,0.0024839237,-0.002483923686668277
0.0,0.06322488,-0.06322488188743591
0.0,-0.039721645,0.039721645414829254
0.0,-0.016356213,0.01635621301829815
9.857,9.192812,0.6641880340576165
0.0,-0.015695121,0.01569512113928795
0.0,0.014537608,-0.014537608250975609
0.0,0.13072394,-0.13072393834590912
0.0,0.0023311684,-0.0023311683908104897
0.0,0.053042196,-0.05304219573736191
0.464,0.20054156,0.2634584441184998
0.0,-0.030218542,0.030218541622161865
0.098,0.327208,-0.229208012342453
0.0,-0.05016218,0.0501621812582016
1.82,1.3787605,0.44123954296112067
0.0,-0.010566819,0.010566819459199905
0.0,0.16108607,-0.1610860675573349
0.0,0.03597397,-0.03597396984696388
0.0,-0.011650694,0.011650693602859974
0.0,-0.044574726,0.04457472637295723
1.729,3.2486053,-1.5196052513122558
0.0,0.16096987,-0.16096986830234528
0.0,-0.010739357,0.010739357210695744
0.0,-0.020451706,0.020451705902814865
0.0,-0.058434978,0.05843497812747955
1.683,1.673631,0.009369047164917044
0.0,-0.042600486,0.04260048642754555
0.0,-0.016204825,0.016204824671149254
1.723,2.63048,-0.9074800510406493
0.0,0.043318067,-0.043318066745996475
0.0,0.08168099,-0.08168099075555801
0.0,0.0001158734,-0.00011587340122787282
0.0,-0.012974751,0.012974751181900501
0.0,-0.0050505796,0.00505057955160737
0.0,0.16347535,-0.16347534954547882
0.0,-0.003919845,0.0039198449812829494
2.435,2.6748018,-0.23980182647705073
0.0,0.1886861,-0.18868610262870789
0.0,-0.11598795,0.11598794907331467
2.153,2.3880053,-0.235005256652832
12.014,8.5097,3.5043001785278314
0.0,0.03448771,-0.034487709403038025
0.0,0.003820166,-0.003820165991783142
0.0,0.01202715,-0.012027150020003319
0.468,0.48056218,-0.012562180280685398
0.0,-0.015801203,0.01580120250582695
0.444,0.40572932,0.03827067637443543
0.0,0.012201415,-0.012201415374875069
3.966,3.0898693,0.8761307392120363
0.0,0.04279124,-0.04279123991727829
0.0,-0.007305224,0.00730522396042943
0.0,0.0018631974,-0.001863197423517704
0.0,-0.004213528,0.004213527776300907
0.0,-0.047305368,0.04730536788702011
0.0,-0.0093958145,0.009395814500749111
0.0,-0.030218542,0.030218541622161865
0.415,-0.018028025,0.4330280245840549
8.951,8.375943,0.5750568161010747
2.274,2.740779,-0.46677892303466795
0.0,-0.084836476,0.08483647555112839
0.578,1.104005,-0.526004979133606
1.007,0.7077708,0.29922917556762685
0.118,-1.1804892,1.2984891824722289
0.0,-0.012033206,0.012033206410706043
0.0,-0.007367384,0.0073673841543495655
0.0,-0.030218542,0.030218541622161865
0.0,-0.04296417,0.04296417161822319
0.0,0.18380421,-0.1838042140007019
0.0,0.050068907,-0.05006890743970871
2.225,2.8971307,-0.6721307277679442
0.0,0.02862151,-0.028621509671211243
0.0,-0.05404033,0.0540403313934803
4.588,4.641935,-0.053934871673583906
0.0,-0.0047949227,0.004794922657310963
0.0,0.25264338,-0.2526433765888214
0.0,-0.013386536,0.01338653638958931
0.0,0.018745886,-0.01874588616192341
0.0,-0.012903318,0.01290331780910492
0.0,-0.035104558,0.03510455787181854
1.679,1.6401802,0.03881976985931401
0.0,0.053181462,-0.05318146198987961
0.0,-0.0046020886,0.004602088592946529
0.0,-0.016204825,0.016204824671149254
0.0,0.050068907,-0.05006890743970871
0.098,0.16728358,-0.06928357970714569
0.0,-0.021553326,0.02155332639813423
0.0,-0.0006020165,0.000602016516495496
0.198,-0.5493351,0.7473351221084594
0.0,0.017023789,-0.017023788765072823
0.88,-0.07442487,0.9544248703122139
0.0,-0.02574954,0.025749539956450462
0.0,-0.019411633,0.019411632791161537
1.682,1.4266449,0.25535507869720453
0.0,-0.008912384,0.008912383578717709
0.0,-0.014822718,0.014822717756032944
0.0,0.00635534,-0.006355340126901865
0.018,0.39319173,-0.37519172501564024
0.533,0.23019092,0.3028090821504593
1.145,1.4695485,-0.3245484638214111
0.101,0.15247048,-0.05147048437595367
0.0,-0.059816543,0.05981654301285744
2.687,2.6798546,0.007145368576049638
0.065,-0.028513642,0.09351364202797413
0.0,0.13896191,-0.13896191120147705
0.0,0.0036227242,-0.0036227242089807987
0.192,0.5999031,-0.4079031066894531
0.037,0.5209306,-0.48393058824539187
0.0,-0.01574164,0.015741640701889992
0.0,0.020732034,-0.020732033997774124
0.0,-0.0064972127,0.006497212685644627
0.0,0.06372854,-0.06372854113578796
0.0,0.664797,-0.6647970080375671
0.0,-0.022133285,0.02213328517973423
2.475,1.7230165,0.7519834995269776
0.0,-0.11951531,0.1195153072476387
0.0,-0.008611637,0.00861163716763258
0.0,-0.017877594,0.017877593636512756
0.0,-0.014430656,0.014430656097829342
6.495,4.5889387,1.9060612869262696
0.0,-0.0111030415,0.011103041470050812
0.0,-0.01833209,0.018332090228796005
0.0,0.04142209,-0.04142209142446518
0.0,-0.0047678067,0.004767806734889746
0.0,0.049108736,-0.04910873621702194
0.0,-0.015174255,0.015174254775047302
0.0,-0.014270336,0.014270336367189884
0.0,-0.01574164,0.015741640701889992
0.065,0.16527629,-0.10027628898620605
0.0,0.09609519,-0.09609518945217133
0.0,0.0011763761,-0.0011763761285692453
0.0,-0.0059299557,0.005929955746978521
0.03,0.5416841,-0.511684091091156
0.0,0.05816974,-0.05816974118351936
0.75,0.68029875,0.06970125436782837
0.0,0.038004357,-0.03800435736775398
0.0,-0.006948684,0.006948683876544237
0.0,-0.00879581,0.00879580993205309
0.0,0.0022055514,-0.0022055513691157103
0.0,-0.011704591,0.011704591102898121
2.366,2.1381478,0.22785216903686534
0.0,-0.01692068,0.016920680180191994
0.092,0.4086866,-0.3166866080760956
0.0,-0.0006020165,0.000602016516495496
0.0,-0.0004953291,0.0004953290917910635
3.467,3.3726828,0.09431719017028817
0.0,0.35151732,-0.35151731967926025
0.781,1.0100465,-0.2290464820861816
0.0,-0.0167238,0.01672380045056343
0.0,-0.01165555,0.011655550450086594
0.0,-0.015695121,0.01569512113928795
0.0,0.503907,-0.5039070248603821
0.0,-0.010977865,0.01097786519676447
0.0,0.027185,-0.027185000479221344
0.0,0.0930193,-0.09301929920911789
0.0,0.053097926,-0.0530979260802269
0.061,0.36576843,-0.3047684326171875
0.0,0.09182515,-0.09182514995336533
0.0,-0.0047678067,0.004767806734889746
0.0,-0.0044447593,0.004444759339094162
0.0,-0.066006854,0.0660068541765213
0.0,-0.0045914785,0.0045914785005152225
0.0,0.11119793,-0.11119793355464935
0.0,-0.018121196,0.01812119595706463
0.0,-0.025509203,0.025509202852845192
0.0,-0.04169045,0.04169045016169548
0.098,0.069135934,0.028864065885543827
0.0,0.3215526,-0.3215526044368744
1.203,1.0487304,0.1542696266174317
0.16,0.23810284,-0.07810283839702606
0.0,-0.09748603,0.09748602658510208
0.0,0.013748244,-0.013748244382441044
0.0,-0.008635835,0.00863583479076624
0.0,-0.01605855,0.016058549284934998
0.0,-0.007884459,0.007884458638727665
0.0,-0.0021239698,0.002123969839885831
0.927,1.0276315,-0.10063152122497554
0.069,0.13144104,-0.06244104182720184
0.0,-0.0139501905,0.013950190506875515
0.21,0.32093382,-0.11093381881713868
0.0,-0.01193064,0.01193063985556364
0.0,-0.0044332906,0.00443329056724906
0.0,0.01658892,-0.01658892072737217
0.0,0.001095052,-0.0010950519936159253
0.0,0.06412092,-0.06412091851234436
0.0,0.026231632,-0.026231631636619568
0.029,0.4830074,-0.454007401227951
0.0,-0.0093958145,0.009395814500749111
0.025,0.031927433,-0.006927432864904402
0.149,0.2552502,-0.10625018572807313
0.0,-0.033733364,0.03373336419463158
0.0,0.116066016,-0.11606601625680923
0.0,0.033332452,-0.033332452178001404
1.683,1.4101448,0.2728551940917969
0.396,0.45784402,-0.06184401893615721
0.0,-0.022955304,0.022955304011702538
0.0,0.010377545,-0.010377544909715652
0.101,0.21880168,-0.11780167722702026
5.478,5.382636,0.09536392974853491
0.0,-0.02574954,0.025749539956450462
0.0,-0.005925148,0.005925147794187069
0.0,0.00047955697,-0.0004795569693669677
17.739,16.441633,1.297366775512696
0.117,0.0719901,0.04500989747047425
0.0,0.0108587565,-0.010858756490051746
0.0,-0.3067394,0.3067393898963928
0.982,0.9436396,0.03836042356491087
3.087,2.866638,0.2203620548248293
0.0,0.00635534,-0.006355340126901865
0.0,0.16606843,-0.166068434715271
0.0,-0.006948684,0.006948683876544237
0.0,-0.04296417,0.04296417161822319
0.0,-0.015412207,0.015412206761538982
0.0,-0.0014749009,0.001474900869652629
0.0,-0.07177628,0.07177627831697464
1.047,0.98587334,0.06112665843963616
2.906,4.3378997,-1.4318996849060057
0.0,-0.01574164,0.015741640701889992
0.007,0.049199764,-0.04219976368546486
0.0,0.0023936795,-0.0023936794605106115
0.0,0.0025790583,-0.002579058287665248
0.0,-0.014430656,0.014430656097829342
0.062,0.14752342,-0.0855234180688858
0.0,0.08396913,-0.0839691311120987
0.0,-0.038152527,0.03815252706408501
0.0,0.001095052,-0.0010950519936159253
0.084,0.09699588,-0.012995882689952845
0.0,0.0011763761,-0.0011763761285692453
0.0,0.1952836,-0.19528360664844513
0.778,0.659134,0.11886602926254275
0.0,0.109135166,-0.10913516581058502
0.461,0.621467,-0.16046699428558348
0.0,0.06280665,-0.06280665099620819
0.0,-0.039721645,0.039721645414829254
0.0,0.0266718,-0.026671800762414932
0.0,-0.023494089,0.023494089022278786
0.0,-0.0004953291,0.0004953290917910635
0.0,-0.05016218,0.0501621812582016
0.0,-0.017785363,0.017785362899303436
0.01,0.037082203,-0.027082202732563017
0.0,0.020555062,-0.02055506221950054
0.025,0.31977758,-0.29477757811546323
0.0,0.027182555,-0.027182554826140404
0.0,0.044669677,-0.04466967657208443
0.0,0.00635534,-0.006355340126901865
0.0,-0.03735053,0.03735053166747093
0.0,-0.0004953291,0.0004953290917910635
0.174,0.5648845,-0.3908844838142395
0.0,0.007842031,-0.007842031307518482
0.0,0.0022145766,-0.002214576583355665
25.665,24.646948,1.0180521392822257
0.0,-0.015362025,0.015362025238573551
1.157,0.83055675,0.32644324970245364
0.0,0.13845168,-0.1384516805410385
0.0,-0.036720756,0.03672075644135475
0.0,-0.051674314,0.051674313843250275
0.0,-0.0106133465,0.010613346472382545
0.0,0.00184919,-0.0018491899827495217
0.422,0.16957864,0.2524213583469391
0.0,0.022395894,-0.022395893931388855
0.0,-0.008058805,0.008058805018663406
0.0,-0.022075653,0.022075653076171875
0.0,0.004403855,-0.004403855185955763
0.0,0.02694749,-0.026947490870952606
0.957,1.1417608,-0.18476082611083988
4.911,5.3437266,-0.43272663497924846
0.073,0.050096456,0.02290354403853416
0.0,0.17208272,-0.17208272218704224
0.046,0.10947054,-0.06347053879499436
0.0,0.02232649,-0.02232648991048336
0.0,0.0024839237,-0.002483923686668277
0.0,0.02165701,-0.021657010540366173
11.722,13.274643,-1.552642944335938
0.0,-0.030278798,0.030278798192739487
0.0,-0.0117719835,0.011771983467042446
0.0,-0.023738267,0.02373826690018177
0.0,-0.024132533,0.024132532998919487
0.0,0.64918214,-0.649182140827179
0.0,-0.0127230575,0.01272305753082037
0.0,-0.0042303232,0.004230323247611523
0.0,0.022897828,-0.022897828370332718
0.0,0.14327034,-0.143270343542099
0.0,0.0045231692,-0.004523169249296188
0.08,0.11681481,-0.036814807057380675
0.0,0.28323784,-0.28323784470558167
0.0,-0.084040515,0.08404051512479782
0.0,-0.0065969178,0.006596917752176523
0.0,-0.047152326,0.0471523255109787
0.0,0.257526,-0.2575260102748871
0.04,0.19721952,-0.15721952080726623
0.0,-0.015801203,0.01580120250582695
0.0,-0.022258176,0.022258175536990166
0.0,-0.002501182,0.0025011820252984762
0.0,-0.08482827,0.08482827246189117
0.0,0.0029427416,-0.0029427416156977415
0.0,-0.015412207,0.015412206761538982
0.0,-0.016356213,0.01635621301829815
5.762,5.533278,0.22872201156616168
0.0,0.06391801,-0.06391800940036774
0.697,0.55128604,0.14571395826339717
0.0,-0.047949627,0.04794962704181671
0.0,0.0006198536,-0.0006198536138981581
0.0,-0.049667425,0.04966742545366287
0.0,0.07338607,-0.07338607311248779
0.0,-0.06637054,0.06637053936719894
0.0,-0.01186802,0.011868019588291645
0.0,-0.0064334343,0.006433434318751097
0.0,0.012647673,-0.012647672556340694
0.0,0.006673299,-0.00667329877614975
0.0,0.0052316273,-0.0052316272631287575
2.042,1.9598362,0.08216375541686993
0.0,0.25235933,-0.2523593306541443
0.0,-0.0014749009,0.001474900869652629
0.0,0.07118051,-0.07118050754070282
0.0,0.022897828,-0.022897828370332718
2.097,2.2760458,-0.17904579925537112
0.0,-0.007640844,0.007640844210982323
0.0,0.07081022,-0.0708102211356163
0.0,0.0030221017,-0.0030221017077565193
0.231,0.44805494,-0.2170549395084381
0.318,0.9229709,-0.6049708909988403
0.0,0.22222236,-0.22222235798835754
3.828,3.5775576,0.25044243621826157
0.0,0.3485587,-0.3485586941242218
0.0,0.06949911,-0.06949911266565323
0.0,-0.1290148,0.12901480495929718
0.007,-0.09179547,0.09879546684026719
0.265,0.1997981,0.06520189285278322
6.791,5.25269,1.5383101615905765
0.0,-0.011704591,0.011704591102898121
0.0,-0.03928983,0.03928982838988304
0.0,-0.017877594,0.017877593636512756
0.0,-0.0065969178,0.006596917752176523
0.0,-0.0127230575,0.01272305753082037
0.0,-0.01692068,0.016920680180191994
0.0,0.0024839237,-0.002483923686668277
0.0,-0.006948684,0.006948683876544237
0.0,0.0007982446,-0.0007982446113601327
0.337,0.14390355,0.19309644651412966
0.0,0.0007368603,-0.0007368603255599737
0.0,-0.020344106,0.02034410648047924
0.0,-0.0111030415,0.011103041470050812
0.974,0.9037054,0.07029458189010618
0.0,-0.014427128,0.014427128247916698
0.884,0.9534827,-0.06948268747329711
0.0,0.002212873,-0.00221287296153605
0.014,0.102592185,-0.08859218513965607
0.0,-0.03410437,0.0341043695807457
1.025,0.97899103,0.046008968353271396
0.0,0.0035243365,-0.0035243364982306957
0.708,0.49728155,0.21071844863891598
0.0,-0.037229326,0.037229325622320175
0.0,-0.03504201,0.03504201024770737
0.531,1.2255337,-0.6945337238311767
1.987,2.022637,-0.035636890411376854
0.0,0.042595547,-0.04259554669260979
0.0,0.17863552,-0.17863552272319794
0.0,0.04665623,-0.046656228601932526
0.0,0.53794074,-0.5379407405853271
0.0,-0.03735053,0.03735053166747093
0.013,0.04390957,-0.03090956833958626
0.0,0.0014997222,-0.001499722246080637
0.0,0.017493041,-0.01749304123222828
0.0,0.05220751,-0.05220751091837883
0.0,0.013748244,-0.013748244382441044
0.0,0.0027635065,-0.0027635064907372
0.0,0.23465963,-0.23465962707996368
0.0,0.001964657,-0.001964657101780176
0.0,0.12616578,-0.12616577744483948
2.653,1.6843128,0.9686871795654297
0.0,-0.015704004,0.01570400409400463
0.0,-0.20096925,0.20096924901008606
0.0,-0.051763583,0.05176358297467232
0.0,0.23776473,-0.23776473104953766
0.0,0.029792206,-0.02979220636188984
0.0,0.042231854,-0.04223185405135155
0.0,0.0032827654,-0.00328276539221406
0.0,-0.0046020886,0.004602088592946529
1.407,1.33851,0.06848996353149417
0.0,0.004525355,-0.004525355063378811
0.0,0.035166174,-0.0351661741733551
0.0,-0.010096967,0.010096967220306396
0.345,0.37228882,-0.02728882312774661
0.0,0.1433015,-0.14330150187015533
0.0,-0.022591619,0.022591618821024895
0.0,0.014441131,-0.014441130682826042
0.057,0.09165365,-0.03465365248918533
0.0,0.0032459216,-0.0032459215726703405
0.0,-0.012903318,0.01290331780910492
0.0,0.2573359,-0.257335901260376
0.0,0.31145665,-0.3114566504955292
0.0,0.0030216083,-0.0030216083396226168
0.0,0.06286119,-0.06286118924617767
21.129,21.597645,-0.4686448059082018
0.0,0.0022145766,-0.002214576583355665
0.0,0.011222442,-0.01122244168072939
0.0,-0.0006020165,0.000602016516495496
0.21,-0.01745209,0.22745208911597728
0.0,0.00029232388,-0.0002923238789662719
0.0,-0.022258176,0.022258175536990166
0.0,0.03108786,-0.031087860465049744
0.0,0.007227132,-0.007227132096886635
0.0,-0.019994283,0.019994283095002174
0.0,-0.010619465,0.01061946526169777
0.0,-0.018383222,0.018383221700787544
0.0,0.0040749833,-0.004074983298778534
0.0,0.02975429,-0.029754290357232094
0.0,-0.01467385,0.014673849567770958
0.0,-0.017877594,0.017877593636512756
0.11,0.31214514,-0.20214514374732973
0.018,0.48800227,-0.47000227046012877
0.0,0.28176102,-0.2817610204219818
0.0,-0.020810222,0.020810222253203392
29.887,27.992357,1.8946427459716801
0.0,-0.017877594,0.017877593636512756
0.0,-0.023763014,0.023763014003634453
0.0,-0.014270336,0.014270336367189884
0.0,0.0036227242,-0.0036227242089807987
0.259,0.2775539,-0.01855388617515563
0.0,0.025864758,-0.02586475759744644
0.298,0.45712855,-0.15912855458259584
10.335,9.486708,0.8482923126220712
0.0,0.018279273,-0.018279273062944412
0.0,0.027182555,-0.027182554826140404
0.0,-0.014427128,0.014427128247916698
0.159,0.28208843,-0.12308842873573303
0.217,0.24024743,-0.023247428417205812
0.041,0.07453727,-0.03353726977109909
0.0,0.042231854,-0.04223185405135155
0.029,0.063321754,-0.03432175433635712
0.0,0.00029232388,-0.0002923238789662719
0.098,0.2774438,-0.1794437963962555
0.0,-0.006948684,0.006948683876544237
0.02,0.08829951,-0.06829951286315918
0.0,-0.0093958145,0.009395814500749111
0.0,-0.024248706,0.024248706176877022
0.004,0.003462361,0.0005376390609890223
0.012,0.0009083522,0.011091647798195482
0.0,-0.040097453,0.04009745270013809
2.55,3.160995,-0.6109950065612795
0.0,-0.009255688,0.009255687706172466
0.0,-0.0037869858,0.0037869857624173164
0.355,0.5825742,-0.22757418870925905
0.0,-0.012084748,0.012084747664630413
0.0,-0.017794857,0.017794856801629066
0.0,0.11156161,-0.1115616112947464
0.0,-0.25113004,0.25113004446029663
8.776,9.105474,-0.32947447204589864
0.0,-0.008635835,0.00863583479076624
0.0,-0.005293474,0.005293474067002535
0.0,0.14025831,-0.1402583122253418
0.0,-0.0047678067,0.004767806734889746
0.0,-0.0072268657,0.007226865738630295
0.643,1.6937022,-1.050702220916748
0.689,0.4239854,0.2650146081447601
0.0,-0.014270336,0.014270336367189884
0.0,-0.0049396525,0.004939652513712645
0.816,0.95445526,-0.13845525646209722
0.0,-0.009817446,0.009817445650696754
0.0,0.05220751,-0.05220751091837883
0.0,0.24667719,-0.2466771900653839
0.036,0.101026095,-0.06502609544992446
1.045,0.8452405,0.1997595262527465
2.221,2.2762418,-0.05524177932739249
0.0,-0.013386536,0.01338653638958931
0.0,-0.012777806,0.012777806259691715
0.0,0.0045231692,-0.004523169249296188
0.0,-0.02808557,0.02808557078242302
0.0,-0.0006020165,0.000602016516495496
0.146,0.16271737,-0.01671737217903138
0.0,-0.0030544626,0.003054462606087327
6.171,5.712395,0.4586048088073733
0.0,-0.02878936,0.02878936007618904
0.0,-0.036228273,0.03622827306389809
0.091,0.19698207,-0.10598207080364228
0.0,-0.01186802,0.011868019588291645
0.0,-0.0060619796,0.006061979569494724
0.0,-0.0039503495,0.003950349520891905
0.0,-0.13315359,0.13315358757972717
0.0,-0.012644973,0.012644972652196884
0.0,-0.023812674,0.0238126739859581
0.0,-0.014063445,0.014063444919884205
0.0,-0.036491796,0.036491796374320984
4.995,4.1706905,0.8243094635009767
0.0,0.25567508,-0.2556750774383545
0.0,-0.03735053,0.03735053166747093
0.0,-0.0031420859,0.0031420858576893806
0.0,-0.015965778,0.0159657783806324
0.0,0.029463893,-0.029463892802596092
0.0,0.010377545,-0.010377544909715652
0.0,-0.008665185,0.008665185421705246
3.584,3.424964,0.15903604888916023
0.094,0.037740096,0.05625990355014801
0.0,-0.0107512055,0.010751205496490002
11.438,7.9969783,3.441021717071534
0.61,1.0272768,-0.4172767543792725
0.0,-0.06637054,0.06637053936719894
0.0,-0.020815391,0.020815391093492508
0.0,0.12652946,-0.12652945518493652
0.0,-0.04913017,0.04913017153739929
0.096,0.70974153,-0.6137415328025818
0.0,0.013748244,-0.013748244382441044
0.0,-0.003919845,0.0039198449812829494
0.0,-0.033733364,0.03373336419463158
2.903,2.4904506,0.4125493793487549
0.0,0.055174895,-0.055174894630908966
0.0,-0.015174255,0.015174254775047302
0.373,0.47116053,-0.09816053104400635
1.127,0.7416156,0.3853844065666199
0.0,-0.013619173,0.01361917331814766
0.0,0.29471186,-0.2947118580341339
0.0,-0.014427128,0.014427128247916698
0.0,-0.0093810465,0.009381046518683434
4.369,4.030379,0.3386211814880369
0.78,0.54827696,0.23172303915023806
0.0,-0.009619373,0.009619372896850109
0.0,0.0014997222,-0.001499722246080637
0.0,0.13787255,-0.13787254691123962
0.705,0.5125402,0.19245977878570553
0.0,0.08433281,-0.08433280885219574
0.0,-0.020815391,0.020815391093492508
0.0,-0.2506956,0.2506955862045288
0.0,0.70924616,-0.7092461585998535
0.0,-0.026465407,0.026465406641364098
0.0,-0.05016218,0.0501621812582016
0.033,0.10728806,-0.07428806257247925
0.0,0.06605231,-0.06605231016874313
0.283,0.5093635,-0.22636347246170047
0.0,-0.00052449893,0.0005244989297352731
0.0,0.0072922558,-0.007292255759239197
0.0,-0.0026907788,0.002690778812393546
0.0,-0.033373564,0.03337356448173523
8.436,9.238901,-0.8029011383056641
0.276,0.25632405,0.019675947189331078
0.0,-0.02574954,0.025749539956450462
0.0,0.09299915,-0.09299915283918381
0.0,-0.008635835,0.00863583479076624
0.0,-0.014523548,0.014523548074066639
0.0,0.12616578,-0.12616577744483948
2.5,2.4070098,0.09299015998840332
0.0,-0.01632946,0.016329459846019745
0.082,0.4432227,-0.36122270154953
0.0,-0.06215302,0.06215301901102066
0.0,0.001095052,-0.0010950519936159253
1.327,1.7808082,-0.45380821037292485
0.0,0.029428525,-0.029428524896502495
0.798,0.5886597,0.20934029626846318
0.0,-0.008736897,0.008736897259950638
0.0,0.18840927,-0.18840926885604858
0.0,-0.02536123,0.025361230596899986
0.0,-0.03362581,0.03362581133842468
2.233,1.541194,0.6918060379028321
0.0,0.145556,-0.1455560028553009
0.367,0.6509752,-0.28397522735595704
0.0,0.00635534,-0.006355340126901865
0.0,0.07465933,-0.0746593326330185
0.0,0.25825402,-0.2582540214061737
0.0,0.013748244,-0.013748244382441044
0.0,-0.09748603,0.09748602658510208
0.0,0.105600595,-0.10560059547424316
0.0,-0.023403209,0.023403208702802658
0.0,0.010926943,-0.010926943272352219
1.085,1.2938087,-0.20880869865417484
0.0,0.0052316273,-0.0052316272631287575
0.0,0.2176437,-0.21764369308948517
0.0,-0.019023009,0.01902300864458084
0.0,0.30693573,-0.30693572759628296
0.0,-0.005925148,0.005925147794187069
0.0,-0.0065969178,0.006596917752176523
0.0,-0.015734144,0.015734143555164337
0.14,0.3346081,-0.19460810780525206
1.588,1.66997,-0.08197003555297844
0.0,-0.022258176,0.022258175536990166
0.0,-0.0050505796,0.00505057955160737
0.174,0.6284345,-0.4544344792366028
0.0,0.032867603,-0.03286760300397873
0.0,0.10507244,-0.10507243871688843
0.0,-0.013386536,0.01338653638958931
0.0,-0.016068015,0.01606801524758339
0.0,0.14471984,-0.14471983909606934
0.0,-0.0145724565,0.01457245647907257
0.0,0.06499714,-0.06499713659286499
0.0,0.029428525,-0.029428524896502495
0.818,0.7356878,0.08231220769882197
0.862,1.1337804,-0.2717803602218628
0.223,0.44039628,-0.2173962790966034
0.0,0.11576104,-0.11576104164123535
0.0,-0.023436053,0.023436052724719048
0.0,-0.019455478,0.019455477595329285
0.0,-0.04835722,0.048357218503952026
1.673,1.2743852,0.39861478614807133
0.0,-0.0064972127,0.006497212685644627
0.879,1.5546019,-0.6756019077301025
0.006,0.26976487,-0.26376487040519714
0.073,0.23475623,-0.1617562313079834
2.714,2.4441473,0.2698526515960693
0.034,0.09830569,-0.06430568730831146
0.0,-0.009851066,0.009851066395640373
0.295,0.37803122,-0.0830312240123749
0.0,0.04142209,-0.04142209142446518
0.106,0.53469175,-0.4286917510032654
0.0,-0.004656844,0.004656843841075897
2.568,2.3198316,0.2481683902740479
0.0,-0.027160477,0.02716047689318657
192.853,182.9901,9.862902954101571
0.115,0.5577647,-0.4427647089958191
0.0,-0.01632946,0.016329459846019745
0.0,-0.0065073324,0.006507332436740398
0.0,0.13787255,-0.13787254691123962
0.0,-0.0059299557,0.005929955746978521
0.0,0.077595584,-0.07759558409452438
0.219,0.24893817,-0.029938173055648803
0.0,-0.009289998,0.0092899976298213
0.0,0.05005288,-0.05005288124084473
20.494,22.334623,-1.8406233367919924
0.0,-0.0050505796,0.00505057955160737
0.0,-0.012539633,0.012539632618427277
0.0,0.10150546,-0.10150545835494995
0.136,0.4571039,-0.3211039080619812
0.0,-0.0062725106,0.006272510625422001
0.0,0.023218218,-0.023218218237161636
0.0,0.00486165,-0.0048616500571370125
0.0,-0.020810222,0.020810222253203392
0.0,-0.0014749009,0.001474900869652629
0.0,-0.012101095,0.012101095169782639
0.484,0.59202707,-0.10802706813812257
0.0,0.022759577,-0.02275957725942135
0.096,0.25664982,-0.16064982199668884
0.0,-0.017877594,0.017877593636512756
1.806,1.5590048,0.24699521636962896
0.443,0.29527524,0.1477247588634491
0.0,-0.006665492,0.0066654919646680355
0.0,0.0011763761,-0.0011763761285692453
0.185,0.33794847,-0.15294847130775452
0.0,-0.008736897,0.008736897259950638
23.366,22.253141,1.1128585968017575
0.0,-0.019455478,0.019455477595329285
0.0,0.0063180295,-0.00631802948191762
0.0,0.16408841,-0.1640884131193161
0.0,-0.030218542,0.030218541622161865
0.0,-0.023875464,0.023875463753938675
0.0,0.07310616,-0.07310616225004196
0.0,0.0026805196,-0.0026805195957422256
0.0,0.13268277,-0.13268277049064636
0.134,0.07996185,0.0540381487607956
0.0,0.05816974,-0.05816974118351936
0.0,-0.036054682,0.03605468198657036
0.0,0.037696224,-0.037696223706007004
0.0,-0.012644973,0.012644972652196884
0.0,0.0018631974,-0.001863197423517704
0.0,-0.0039503495,0.003950349520891905
0.109,0.24611114,-0.13711113965511323
1.097,0.5177075,0.5792924733161926
0.006,0.08020589,-0.07420588755607604
0.0,0.04296575,-0.04296575114130974
0.0,-0.032898635,0.03289863467216492
0.412,0.38518587,0.026814132452011086
0.055,0.21497513,-0.15997513353824616
1.385,1.6944156,-0.3094155693054199
0.0,-0.010381123,0.010381123051047325
0.0,-0.011282679,0.011282678693532944
0.0,-0.015704004,0.01570400409400463
0.0,-0.024132533,0.024132532998919487
0.0,-0.0050505796,0.00505057955160737
1.749,1.564659,0.1843410005569459
0.0,-0.08018028,0.08018027991056442
0.0,-0.026465407,0.026465406641364098
0.0,-0.061034758,0.061034757643938065
0.0,-0.013405545,0.013405544683337212
0.0,0.014537608,-0.014537608250975609
0.0,-0.014427128,0.014427128247916698
0.0,0.07787587,-0.07787586748600006
0.0,0.016408898,-0.016408897936344147
0.298,1.1189075,-0.8209074516296386
0.0,0.0051120305,-0.005112030543386936
0.0,-0.0139501905,0.013950190506875515
0.0,-0.058071293,0.05807129293680191
0.0,-0.014975077,0.014975076541304588
0.0,0.0032459216,-0.0032459215726703405
0.0,0.10274586,-0.10274586081504822
0.503,0.28154516,0.22145483779907227
1.31,0.7679393,0.5420606708526612
0.0,-0.028449263,0.02844926342368126
0.0,-0.042600486,0.04260048642754555
0.0,0.035604965,-0.035604964941740036
0.0,0.13787255,-0.13787254691123962
0.0,-0.020810222,0.020810222253203392
0.0,0.12461078,-0.1246107816696167
0.0,-0.018087095,0.018087094649672508
0.0,-0.015362025,0.015362025238573551
17.397,16.864164,0.5328356475830063
0.0,-0.012326577,0.012326576747000217
0.0,-0.019994283,0.019994283095002174
0.0,-0.023812674,0.0238126739859581
0.033,0.049135298,-0.016135297536849974
0.0,-0.014445166,0.014445166103541851
0.007,0.003462361,0.0035376390609890224
0.0,-0.011291867,0.0112918671220541
0.0,-0.0030544626,0.003054462606087327
0.0,0.006673299,-0.00667329877614975
0.0,-0.021785257,0.021785257384181023
44.126,48.511074,-4.385074066162112
0.0,0.016353708,-0.016353707760572433
0.0,0.076240726,-0.07624072581529617
1.612,1.2932965,0.318703543663025
0.063,0.1274091,-0.06440910053253174
0.0,0.041027583,-0.04102758318185806
0.0,0.004525355,-0.004525355063378811
0.0,-0.19442332,0.19442331790924072
0.006,0.087324925,-0.08132492476701736
0.0,-0.009817446,0.009817445650696754
0.0,0.051490176,-0.0514901764690876
0.0,0.05555231,-0.05555231124162674
0.0,0.0035243365,-0.0035243364982306957
0.0,-0.097962506,0.09796250611543655
15.135,15.29931,-0.16430973052978537
0.085,0.07085743,0.014142571985721594
0.0,-0.021785257,0.021785257384181023
24.49,24.413097,0.07690261840820156
0.262,0.29137477,-0.029374772787094106
0.0,0.018637007,-0.018637007102370262
0.561,0.66834366,-0.10734366321563715
0.059,0.22044782,-0.1614478234052658
0.0,0.06467773,-0.06467773020267487
1.043,1.0520445,-0.009044510841369702
0.0,0.7530201,-0.7530201077461243
0.0,0.0032459216,-0.0032459215726703405
0.0,-0.09712235,0.09712234884500504
0.0,-0.0127230575,0.01272305753082037
0.0,-0.40958422,0.4095842242240906
0.0,0.0014659116,-0.0014659116277471185
0.0,-0.020154761,0.020154761150479317
0.058,0.37018737,-0.312187371969223
0.222,0.27619106,-0.05419105577468872
0.442,0.8624259,-0.42042592334747314
0.0,-0.002501182,0.0025011820252984762
0.0,-0.013386536,0.01338653638958931
0.0,-0.011692892,0.011692891828715801
0.0,-0.0167238,0.01672380045056343
0.27,0.4317024,-0.16170240521430967
0.0,-0.019438902,0.01943890191614628
0.0,0.003820166,-0.003820165991783142
0.0,0.026231632,-0.026231631636619568
0.0,-0.00440881,0.004408809822052717
4.354,4.9284315,-0.5744315109252929
35.303,34.416992,0.8860078124999973
0.0,0.0045231692,-0.004523169249296188
0.0,-0.013386536,0.01338653638958931
0.0,-0.017809737,0.017809737473726273
0.0,0.051285986,-0.051285985857248306
0.012,0.19406787,-0.18206786561012267
0.0,-0.04930374,0.04930374026298523
0.0,-0.09748603,0.09748602658510208
0.0,-0.002501182,0.0025011820252984762
0.0,0.022395894,-0.022395893931388855
0.0,0.050632995,-0.05063299462199211
0.0,0.022395894,-0.022395893931388855
0.0,0.034237567,-0.0342375673353672
0.011,-0.31845742,0.3294574246406555
0.0,-0.022749715,0.02274971455335617
0.197,0.42762724,-0.23062723565101623
0.0,-0.008065696,0.008065695874392986
3.685,3.4216483,0.26335173606872564
0.0,0.14223792,-0.14223791658878326
0.0,-0.008635835,0.00863583479076624
1.033,1.4362551,-0.4032550973892213
0.0,0.2076514,-0.20765140652656555
0.0,-0.05472623,0.05472623184323311
0.0,-0.035395812,0.03539581224322319
0.0,-0.0013597809,0.0013597809011116624
0.0,-0.0139501905,0.013950190506875515
0.0,0.0036227242,-0.0036227242089807987
0.0,-0.0145724565,0.01457245647907257
0.0,-0.010613573,0.010613572783768177
0.008,-0.061192088,0.06919208782911301
0.0,0.028257826,-0.02825782634317875
1.319,1.0896326,0.22936736965179438
0.0,0.050068907,-0.05006890743970871
0.0,-0.005925148,0.005925147794187069
0.781,0.70940703,0.07159296846389773
0.0,0.02842995,-0.028429949656128883
0.0,0.00081898016,-0.0008189801592379808
0.0,0.05991528,-0.05991528183221817
0.0,0.0026805196,-0.0026805195957422256
1.822,1.0564649,0.7655350894927979
0.0,0.05816974,-0.05816974118351936
0.0,-0.026868025,0.026868024840950966
0.0,-0.0018526989,0.0018526988569647074
0.0,-0.013386536,0.01338653638958931
0.0,0.117094904,-0.11709490418434143
0.0,0.023884844,-0.023884844034910202
0.223,0.39035028,-0.16735028219223022
0.0,0.006185674,-0.006185674108564854
0.0,0.001342962,-0.0013429620303213596
0.0,-0.01165555,0.011655550450086594
0.0,0.0052316273,-0.0052316272631287575
0.0,-0.1419957,0.14199569821357727
0.0,0.0024839237,-0.002483923686668277
0.0,0.022119733,-0.022119732573628426
0.0,0.48663554,-0.4866355359554291
1.966,1.621063,0.34493700599670407
1.084,0.6319755,0.4520245280265809
0.0,-0.0065177903,0.006517790257930756
0.603,0.66869414,-0.06569413852691652
6.174,5.402024,0.7719762077331547
0.0,0.0065499865,-0.0065499865449965
1.189,0.67104286,0.5179571404457093
0.0,-0.03658784,0.03658784180879593
0.0,-0.03851354,0.03851354122161865
0.0,-0.01584114,0.01584113948047161
0.327,0.5892547,-0.2622546772956848
1.224,1.722854,-0.49885401821136477
0.0,-0.012974751,0.012974751181900501
0.0,-0.00440881,0.004408809822052717
0.0,-0.063331656,0.06333165615797043
0.0,0.0036227242,-0.0036227242089807987
0.018,0.06522237,-0.047222367644309995
0.0,0.034237567,-0.0342375673353672
0.0,0.08546311,-0.08546310663223267
0.0,0.032542024,-0.03254202380776405
3.776,3.6763918,0.0996081600189207
0.0,-0.0062725106,0.006272510625422001
0.0,-0.1255286,0.12552860379219055
10.071,10.205789,-0.13478861236572293
0.0,0.13787255,-0.13787254691123962
0.0,0.16952813,-0.16952812671661377
1.077,1.1114811,-0.034481070518493695
0.0,-0.008407722,0.008407722227275372
0.416,0.46200103,-0.046001025676727314
0.0,0.053890225,-0.05389022454619408
0.909,1.1547462,-0.24574617481231686
0.0,0.008623546,-0.008623545989394188
0.004,0.0325838,-0.028583799213171005
0.234,0.26645598,-0.032455978155136095
2.896,2.897014,-0.0010139026641846627
0.0,-0.020815391,0.020815391093492508
0.0,-0.030585868,0.030585868284106255
1.366,0.8892678,0.47673219776153575
0.0,0.17205141,-0.17205141484737396
0.0,-0.014445166,0.014445166103541851
1.976,1.2739828,0.7020172367095947
1.013,1.2508906,-0.237890612602234
3.271,2.9764886,0.2945114097595214
0.0,-0.018605687,0.018605686724185944
0.0,-0.0006020165,0.000602016516495496
0.0,-0.0038579078,0.0038579078391194344
0.0,0.084635854,-0.08463585376739502
0.0,0.07081022,-0.0708102211356163
0.0,-0.0060619796,0.006061979569494724
0.0,-0.003919845,0.0039198449812829494
0.0,-0.0076866406,0.007686640601605177
0.0,-0.61634433,0.6163443326950073
0.0,-0.03735053,0.03735053166747093
0.0,0.0028111765,-0.0028111764695495367
0.0,-0.04447362,0.044473618268966675
0.0,-0.032898635,0.03289863467216492
0.0,-0.0035620607,0.0035620606504380703
0.0,0.0014997222,-0.001499722246080637
0.0,0.049771916,-0.04977191612124443
0.0,-0.02816234,0.028162339702248573
0.0,-0.023799736,0.02379973605275154
0.0,-0.17309408,0.17309407889842987
0.105,0.14327428,-0.03827427744865418
0.0,-0.013405545,0.013405544683337212
0.0,0.07644345,-0.07644344866275787
0.0,-0.00440881,0.004408809822052717
0.105,0.20731542,-0.10231541514396668
0.0,-0.010977028,0.01097702793776989
0.0,0.17432259,-0.17432259023189545
0.0,-0.015878417,0.01587841659784317
1.584,0.6212999,0.962700077533722
0.0,-0.015362025,0.015362025238573551
25.779,25.08183,0.697170928955078
0.0,0.018279273,-0.018279273062944412
0.0,-0.0078074234,0.007807423360645771
0.0,0.49762282,-0.4976228177547455
0.069,0.24348679,-0.17448679184913635
0.0,0.12652946,-0.12652945518493652
0.0,-0.008722413,0.008722413331270218
0.0,-0.016787602,0.01678760163486004
0.0,-0.008810023,0.008810022845864296
0.0,-0.004213528,0.004213527776300907
0.105,-0.097308725,0.20230872511863707
0.0,0.014537608,-0.014537608250975609
0.0,0.0045704073,-0.004570407327264547
0.444,0.63489497,-0.1908949670791626
0.0,-0.01282399,0.012823989614844322
0.0,0.014537608,-0.014537608250975609
0.0,-0.03253495,0.032534949481487274
0.0,0.0011763761,-0.0011763761285692453
0.0,0.083504006,-0.08350400626659393
2.933,2.6928983,0.24010172653198225
0.131,-0.031276584,0.16227658367156983
0.0,-0.0031420859,0.0031420858576893806
0.0,-0.035104558,0.03510455787181854
0.0,-0.010977028,0.01097702793776989
0.0,-0.0076866406,0.007686640601605177
0.0,-0.006514579,0.0065145790576934814
0.0,0.051490176,-0.0514901764690876
0.0,-0.015695121,0.01569512113928795
0.67,1.0900992,-0.4200992155075073
0.487,0.4241689,0.06283108544349669
0.051,-0.06304715,0.11404714828729628
0.0,0.03980604,-0.03980603814125061
0.0,-0.007594124,0.00759412394836545
0.0,0.0048210314,-0.004821031354367733
0.0,0.006673299,-0.00667329877614975
0.007,0.36628628,-0.3592862777709961
0.0,-0.0006020165,0.000602016516495496
0.0,0.21229479,-0.2122947871685028
0.0,-0.016356213,0.01635621301829815
0.0,-0.030757053,0.030757052823901176
0.0,0.0022055514,-0.0022055513691157103
0.036,0.045678377,-0.00967837715148926
4.318,3.8109996,0.5070003681182857
0.0,0.032541554,-0.03254155442118645
21.995,19.791529,2.2034712982177744
0.0,-0.0039503495,0.003950349520891905
0.0,0.0037353057,-0.003735305741429329
0.0,-0.0042303232,0.004230323247611523
0.621,0.5919579,0.02904207324981689
0.752,0.69211733,0.05988266658782959
0.0,-0.009826487,0.009826486930251122
0.0,-0.008911915,0.008911915123462677
0.472,0.5279202,-0.05592018651962283
5.11,4.898225,0.2117751693725589
0.0,-0.0141068585,0.014106858521699905
0.0,-0.012326577,0.012326576747000217
0.0,-0.049667425,0.04966742545366287
0.0,0.05099668,-0.050996679812669754
0.476,0.45555118,0.02044882273674009
0.0,-0.010977028,0.01097702793776989
0.0,-0.030218542,0.030218541622161865
0.0,-0.008635835,0.00863583479076624
0.0,0.010377545,-0.010377544909715652
0.0,0.0074928147,-0.007492814678698778
20.915,20.889893,0.025107421874999147
0.0,0.025770148,-0.025770148262381554
0.0,-0.095082246,0.09508224576711655
0.0,-0.023799736,0.02379973605275154
2.534,2.2988243,0.23517568969726543
0.0,-0.032898635,0.03289863467216492
0.0,-0.008810023,0.008810022845864296
0.492,0.843052,-0.3510520296096802
0.0,0.15635625,-0.15635624527931213
0.0,-0.012326577,0.012326576747000217
0.0,-0.018752517,0.01875251717865467
0.0,-0.016141195,0.016141194850206375
0.0,-0.0031420859,0.0031420858576893806
0.0,-0.007884459,0.007884458638727665
0.0,-0.00088882487,0.0008888248703442514
2.643,2.3879328,0.25506722259521464
0.0,0.0072711403,-0.007271140348166227
5.333,5.0922194,0.24078064727783222
0.031,0.040715054,-0.0097150536775589
0.0,0.11300811,-0.11300811171531677
0.139,0.18469374,-0.04569373881816863
0.065,-0.013166031,0.0781660308688879
2.944,3.5110772,-0.5670771656036377
41.458,40.053757,1.404243286132811
0.0,-0.060694557,0.060694556683301926
0.0,-0.0002207467,0.00022074670414440334
0.153,0.16987853,-0.0168785275220871
0.0,-0.01375501,0.013755010440945625
5.874,6.1904907,-0.31649072265625033
0.0,-0.028449263,0.02844926342368126
0.0,-0.0083015,0.008301500231027603
0.0,0.046549577,-0.04654957726597786
0.0,0.027571788,-0.0275717880576849
0.0,-0.01467385,0.014673849567770958
0.476,0.5298645,-0.053864490032196066
0.0,-0.037895966,0.037895966321229935
0.0,-0.09748603,0.09748602658510208
0.0,-0.025906157,0.02590615674853325
0.0,-0.009817446,0.009817445650696754
0.08,0.34320647,-0.2632064652442932
0.0,-0.03346415,0.03346414864063263
0.0,0.0032827654,-0.00328276539221406
0.033,0.29230234,-0.2593023402690887
0.0,-0.065230444,0.06523044407367706
32.528,31.398195,1.1298047332763659
0.0,-0.13828611,0.13828611373901367
0.0,-0.010619465,0.01061946526169777
0.0,-0.0002207467,0.00022074670414440334
0.0,0.006186301,-0.00618630088865757
0.0,0.18359408,-0.18359407782554626
0.0,0.041785777,-0.04178577661514282
0.0,0.32884255,-0.32884255051612854
0.0,0.040694047,-0.04069404676556587
0.0,-0.015878417,0.01587841659784317
0.0,0.04074039,-0.04074038937687874
0.0,0.010377545,-0.010377544909715652
0.0,0.028257826,-0.02825782634317875
0.0,-0.0059299557,0.005929955746978521
0.0,-0.019957704,0.019957704469561577
0.017,0.0036858255,0.013314174495637418
0.016,0.013956232,0.0020437680035829547
0.0,0.02671441,-0.02671441063284874
0.0,0.14261082,-0.1426108181476593
0.0,0.057926342,-0.05792634189128876
0.124,0.20627633,-0.08227632737159729
0.0,-0.009826487,0.009826486930251122
0.149,0.3275174,-0.17851739025115967
0.0,0.07346984,-0.07346983999013901
0.0,-0.01180421,0.011804210022091866
0.367,0.53128856,-0.16428856420516968
0.0,0.16522706,-0.16522705554962158
0.0,-0.009151671,0.009151671081781387
1.011,1.0751723,-0.0641723051071168
0.505,1.0588778,-0.5538778257369995
0.0,-0.022258176,0.022258175536990166
0.0,-0.02070571,0.020705709233880043
0.239,0.46229973,-0.22329973435401917
0.0,-0.053488664,0.05348866432905197
0.0,0.018279273,-0.018279273062944412
0.0,-0.012326577,0.012326576747000217
0.0,-0.018383222,0.018383221700787544
0.0,0.02508056,-0.02508055977523327
0.0,0.050632995,-0.05063299462199211
0.313,0.30737805,0.005621946334838868
0.0,-0.09748603,0.09748602658510208
0.0,-0.0060619796,0.006061979569494724
0.0,-0.022955304,0.022955304011702538
0.0,-0.011176504,0.01117650419473648
0.0,0.17596999,-0.17596998810768127
5.171,5.8532495,-0.6822495498657224
0.0,0.001437957,-0.0014379570493474603
0.0,-0.013619173,0.01361917331814766
0.0,0.028257826,-0.02825782634317875
0.0,-0.010954944,0.010954944416880608
1.728,1.3816341,0.34636588382720945
0.073,0.13806045,-0.06506045055389405
0.0,0.22965707,-0.22965706884860992
0.0,-0.012974751,0.012974751181900501
0.0,0.021435406,-0.021435406059026718
0.0,0.050068907,-0.05006890743970871
0.0,-0.022258176,0.022258175536990166
0.0,-0.018383222,0.018383221700787544
0.0,0.3653641,-0.36536410450935364
0.0,-0.004213528,0.004213527776300907
0.0,-0.023812674,0.0238126739859581
0.025,0.22586516,-0.20086515545845032
0.0,0.0072922558,-0.007292255759239197
0.0,-0.015174255,0.015174254775047302
0.665,0.6287771,0.03622291326522831
0.0,0.20318724,-0.2031872421503067
0.0,0.011222442,-0.01122244168072939
0.0,-0.049667425,0.04966742545366287
2.107,1.8180052,0.2889947957992556
0.129,0.44348082,-0.31448081946372985
0.0,-0.22773306,0.2277330607175827
0.0,0.02232649,-0.02232648991048336
0.0,-0.0781313,0.078131303191185
0.0,-0.030589042,0.030589042231440544
0.0,-0.015878417,0.01587841659784317
0.0,0.120819315,-0.12081931531429291
0.0,-0.0093958145,0.009395814500749111
0.0,-0.012644973,0.012644972652196884
0.0,0.055790182,-0.05579018220305443
0.014,0.010836071,0.0031639286652207377
0.0,-0.007555958,0.00755595788359642
0.0,-0.010230588,0.010230587795376778
0.0,0.15186551,-0.15186551213264465
0.0,0.0032827654,-0.00328276539221406
0.0,-0.015965778,0.0159657783806324
1.744,2.0797284,-0.335728364944458
0.399,0.056003883,0.3429961165189743
0.0,0.017493041,-0.01749304123222828
0.0,0.022395894,-0.022395893931388855
0.0,-0.013129653,0.01312965340912342
0.0,-0.016068015,0.01606801524758339
0.0,-0.0164317,0.016431700438261032
0.0,-0.005487225,0.005487225018441677
0.0,-0.032768354,0.03276835381984711
0.0,-0.0014749009,0.001474900869652629
0.0,-0.010460649,0.01046064868569374
0.0,-0.0117719835,0.011771983467042446
0.0,-0.01655612,0.016556119546294212
0.0,0.001095052,-0.0010950519936159253
2.253,1.7504705,0.5025294809341432
0.0,0.013531375,-0.013531374745070934
0.0,0.47106698,-0.47106698155403137
1.217,0.8206898,0.39631020259857186
91.314,95.38024,-4.066241394042976
0.0,0.0032827654,-0.00328276539221406
0.053,0.17571987,-0.12271987211704255
1.946,1.836012,0.10998799419403071
0.0,-0.011017788,0.01101778820157051
0.0,-0.005781351,0.005781351123005152
0.0,-0.005094168,0.005094167776405811
0.0,0.006673299,-0.00667329877614975
0.0,-0.0060586617,0.006058661732822657
0.0,0.0036227242,-0.0036227242089807987
0.0,-0.0016665956,0.001666595577262342
0.0,-0.018605687,0.018605686724185944
0.0,-0.031091817,0.03109181672334671
0.0,-0.019743143,0.019743142649531364
0.0,-0.005694984,0.005694983992725611
0.0,-0.008722413,0.008722413331270218
0.0,0.00025617023,-0.00025617022765800357
15.581,14.164339,1.4166609344482417
0.128,0.23718725,-0.10918725144863128
0.111,0.4250327,-0.31403270506858827
0.0,-0.009826487,0.009826486930251122
0.0,-0.039721645,0.039721645414829254
0.619,0.6904455,-0.07144548273086548
1.751,1.4500792,0.30092079734802235
0.0,-0.0521395,0.05213949829339981
39.026,41.151432,-2.1254320373535123
0.0,-0.0030669188,0.0030669188126921654
0.0,-0.003919845,0.0039198449812829494
0.0,-0.015989134,0.015989134088158607
0.0,0.0041838503,-0.00418385025113821
0.0,-0.044574726,0.04457472637295723
0.534,0.6678243,-0.1338243279457092
1.21,1.0747406,0.13525935173034664
0.0,-0.014066972,0.014066971838474274
0.122,0.38046136,-0.25846136498451233
0.0,0.0037353057,-0.003735305741429329
0.0,0.0048210314,-0.004821031354367733
0.0,0.034237567,-0.0342375673353672
0.0,-0.013437695,0.013437694869935513
0.0,-0.06637054,0.06637053936719894
0.0,0.0024839237,-0.002483923686668277
22.48,22.041996,0.4380039978027348
0.0,0.0052316273,-0.0052316272631287575
0.0,0.03998249,-0.03998249024152756
0.0,-0.004213528,0.004213527776300907
0.025,0.26569042,-0.240690416097641
0.047,0.039996397,0.007003603249788284
0.0,-0.012687489,0.01268748939037323
4.395,3.700571,0.6944289398193355
0.0,0.047623727,-0.04762372747063637
0.0,-0.0139501905,0.013950190506875515
0.0,-0.015412207,0.015412206761538982
0.0,-0.0054966733,0.005496673285961151
0.0,0.0072711403,-0.007271140348166227
0.0,-0.0016407483,0.001640748349018395
0.0,-0.010566819,0.010566819459199905
4.004,3.2724261,0.7315738716125484
0.0,-0.012326577,0.012326576747000217
0.0,0.00184919,-0.0018491899827495217
12.175,12.292424,-0.11742420196533132
0.0,-0.17621464,0.17621463537216187
0.0,-0.043068565,0.04306856542825699
0.0,-0.01714756,0.01714755967259407
0.0,-0.032768354,0.03276835381984711
15.863,16.855032,-0.9920319671630864
0.019,0.04377481,-0.024774809688329697
0.0,-0.005394426,0.005394426174461842
0.0,-0.010796536,0.01079653576016426
0.0,-0.015695121,0.01569512113928795
0.0,-0.005158606,0.005158605985343456
0.189,0.29111645,-0.10211644625663757
0.0,-0.09928968,0.0992896780371666
0.036,0.1763748,-0.14037479305267334
0.473,0.5260781,-0.05307810497283938
0.0,0.001095052,-0.0010950519936159253
0.0,-0.02689359,0.02689358964562416
0.0,-0.07272252,0.07272251695394516
0.0,0.040073577,-0.04007357731461525
0.0,-0.021553326,0.02155332639813423
0.614,0.7054658,-0.09146579360961915
0.0,-0.0141068585,0.014106858521699905
0.0,-0.014892135,0.014892134815454483
38.189,31.943167,6.245833267211914
0.0,0.2205177,-0.22051769495010376
0.0,-0.07177628,0.07177627831697464
1.472,1.1225482,0.3494517774581909
0.0,-0.0135002,0.013500199653208256
0.83,0.39203215,0.43796785354614254
0.32,0.1335021,0.18649790406227112
0.0,-0.015801203,0.01580120250582695
0.446,0.5178867,-0.07188669824600219
0.0,-0.0004953291,0.0004953290917910635
0.0,0.0040896125,-0.004089612513780594
0.0,0.0030739305,-0.0030739305075258017
0.0,-0.0078074234,0.007807423360645771
0.3,0.31401154,-0.01401154398918153
0.517,0.8780904,-0.36109038162231444
0.0,0.09737657,-0.09737657010555267
0.0,0.012323556,-0.012323555536568165
0.0,0.05816974,-0.05816974118351936
8.737,9.727316,-0.9903159027099608
0.0,0.0072711403,-0.007271140348166227
0.018,0.0030912568,0.01490874316729605
0.047,-0.115553826,0.1625538260936737
13.289,13.123884,0.16511579895019501
84.886,73.2318,11.654203735351558
4.184,4.1308417,0.05315826797485368
5.571,5.0981426,0.47285737609863254
0.0,0.0037353057,-0.003735305741429329
0.0,0.084141485,-0.08414148539304733
20.991,21.172264,-0.1812640991210941
0.0,0.00081898016,-0.0008189801592379808
0.0,0.0045231692,-0.004523169249296188
0.142,0.13757373,0.00442626607418059
0.464,0.40224522,0.061754776477813744
0.0,0.14327034,-0.143270343542099
0.0,0.14464635,-0.14464634656906128
0.0,-0.008407722,0.008407722227275372
2.253,1.725955,0.5270449905395509
0.191,0.07712427,0.11387573218345642
0.094,0.10964722,-0.015647221863269806
0.0,-0.01381258,0.013812580145895481
0.051,-0.051139213,0.1021392131447792
0.0,-0.0145724565,0.01457245647907257
0.0,-0.037498243,0.037498243153095245
0.0,-0.009826487,0.009826486930251122
0.0,-0.054854814,0.05485481396317482
0.0,-0.0060586617,0.006058661732822657
0.0,-0.0050505796,0.00505057955160737
1.194,0.62295884,0.5710411610603332
0.0,-0.0039503495,0.003950349520891905
0.0,-0.049667425,0.04966742545366287
0.094,0.08051944,0.013480562210083008
0.0,-0.014445166,0.014445166103541851
0.077,0.1137379,-0.03673790353536606
0.0,-0.023812674,0.0238126739859581
0.0,-0.0057239756,0.005723975598812103
0.0,0.0071204086,-0.007120408583432436
0.0,0.0048210314,-0.004821031354367733
0.0,0.012374851,-0.012374850921332836
0.0,-0.007640844,0.007640844210982323
0.049,0.46018356,-0.4111835608482361
0.0,0.1675291,-0.16752910614013672
0.0,-0.035104558,0.03510455787181854
0.0,-0.018121196,0.01812119595706463
0.0,0.15756996,-0.15756995975971222
0.271,0.16088709,0.11011290764808657
0.0,0.07461554,-0.07461553812026978
0.547,0.32503018,0.22196982216835026
0.0,-0.030503292,0.0305032916367054
0.0,-0.18256332,0.18256331980228424
0.0,-0.020446537,0.02044653706252575
0.0,-0.006301807,0.006301806773990393
0.0,-0.005293474,0.005293474067002535
0.0,-0.09712235,0.09712234884500504
0.0,0.0051120305,-0.005112030543386936
1.634,1.8871583,-0.25315827465057383
0.0,0.09299915,-0.09299915283918381
0.0,-0.015704004,0.01570400409400463
0.0,-0.009289998,0.0092899976298213
0.029,0.047863778,-0.018863777726888655
0.0,0.0072711403,-0.007271140348166227
0.0,0.010219531,-0.010219531133770943
0.0,-0.026399497,0.02639949694275856
0.0,0.0029427416,-0.0029427416156977415
0.0,-0.01670925,0.01670924946665764
0.0,-0.014270336,0.014270336367189884
0.0,-0.0038579078,0.0038579078391194344
0.0,-0.014427128,0.014427128247916698
1.307,1.0881644,0.2188355512619018
0.0,0.051929012,-0.051929011940956116
0.0,0.06551617,-0.0655161663889885
0.0,0.09645888,-0.09645888209342957
0.51,0.7136472,-0.20364718675613402
0.0,-0.0072268657,0.007226865738630295
0.0,-0.0022988282,0.002298828214406967
0.0,-0.009289998,0.0092899976298213
0.0,-0.017069504,0.017069503664970398
0.047,-0.17060164,0.21760163617134093
0.015,0.03313788,-0.01813788026571274
0.0,-0.01186802,0.011868019588291645
0.0,0.029428525,-0.029428524896502495
0.0,0.24143302,-0.2414330244064331
0.18,0.1991886,-0.019188604950904853
0.0,-0.05790554,0.057905539870262146
0.0,-0.010878352,0.01087835244834423
0.0,-0.01833209,0.018332090228796005
0.0,-0.022258176,0.022258175536990166
0.0,0.7890737,-0.7890737056732178
5.317,3.446615,1.8703850193023683
0.0,0.009020866,-0.009020865894854069
0.0,0.0032459216,-0.0032459215726703405
0.0,0.010196474,-0.010196474380791187
2.514,2.1995494,0.3144505634307859
0.0,-0.002823146,0.0028231460601091385
0.0,0.05966453,-0.0596645288169384
0.0,0.023202246,-0.02320224605500698
0.0,-0.019455478,0.019455477595329285
0.0,0.005903051,-0.005903050769120455
0.0,-0.0004953291,0.0004953290917910635
0.0,-0.008635835,0.00863583479076624
0.0,0.0041838503,-0.00418385025113821
0.0,0.05112649,-0.05112649127840996
0.0,0.0022055514,-0.0022055513691157103
0.0,-0.030218542,0.030218541622161865
0.0,-0.014427128,0.014427128247916698
0.0,0.055064764,-0.055064763873815536
0.0,0.12156543,-0.12156543135643005
0.0,0.087499626,-0.08749962598085403
0.0,-0.010547459,0.010547459125518799
0.0,0.0072711403,-0.007271140348166227
0.0,-0.0031420859,0.0031420858576893806
0.0,-0.015437394,0.015437394380569458
0.0,-0.020344106,0.02034410648047924
0.0,-0.012079277,0.012079277075827122
0.0,0.123919494,-0.12391949445009232
0.0,-0.011692892,0.011692891828715801
0.0,-0.005561464,0.005561464000493288
0.0,-0.019455478,0.019455477595329285
0.0,0.027380701,-0.027380701154470444
0.0,-0.011290226,0.011290226131677628
5.068,4.67883,0.38916985321044884
0.0,0.0051120305,-0.005112030543386936
0.0,0.004525355,-0.004525355063378811
0.0,-0.014063445,0.014063444919884205
0.42,0.32636914,0.09363086342811583
0.0,-0.015704004,0.01570400409400463
0.0,-0.01074806,0.010748060420155525
0.161,0.27217826,-0.1111782624721527
0.0,-0.050835285,0.05083528533577919
0.0,-0.014445166,0.014445166103541851
0.0,0.0029427416,-0.0029427416156977415
0.0,0.017493041,-0.01749304123222828
1.207,1.4891067,-0.28210665512084954
0.0,0.044007745,-0.04400774464011192
0.134,0.2933601,-0.1593601140975952
0.0,-0.011504336,0.011504336260259151
0.0,0.1479211,-0.1479211002588272
0.0,0.055812642,-0.055812641978263855
0.0,0.06756147,-0.06756146997213364
0.0,-0.03409705,0.03409704938530922
0.0,-0.0077132992,0.007713299244642258
2.542,1.4534736,1.0885264320373533
0.0,-0.039109357,0.039109356701374054
0.0,-0.01584114,0.01584113948047161
0.069,0.19666156,-0.1276615617275238
0.403,0.57492507,-0.17192506504058835
13.526,10.75885,2.76714990234375
0.0,0.012323556,-0.012323555536568165
0.0,0.0051120305,-0.005112030543386936
0.0,-0.007884459,0.007884458638727665
0.0,-0.0117719835,0.011771983467042446
0.0,-0.0047678067,0.004767806734889746
0.0,-0.029887786,0.029887786135077477
0.0,0.0051120305,-0.005112030543386936
0.018,0.04816433,-0.030164330422878267
0.0,-0.0106243575,0.010624357499182224
0.0,-0.0014749009,0.001474900869652629
0.0,-0.050429147,0.050429146736860275
0.0,0.1250976,-0.1250976026058197
0.114,0.17194937,-0.05794937169551849
0.0,0.027031163,-0.02703116275370121
0.0,-0.039822053,0.0398220531642437
0.0,0.045155935,-0.04515593498945236
0.0,-0.09260541,0.09260541200637817
0.0,-0.008407722,0.008407722227275372
0.136,0.098767065,0.03723293548822404
0.007,0.043774985,-0.036774984776973725
0.0,-0.0004953291,0.0004953290917910635
0.0,-0.007884459,0.007884458638727665
0.022,-0.029892216,0.051892215505242346
0.0,0.48479295,-0.48479294776916504
0.381,0.3932237,-0.01222370290756225
0.0,1.2655092,-1.2655092477798462
0.0,0.052038968,-0.05203896760940552
2.672,2.109504,0.5624960155487062
0.473,0.2094135,0.26358650135993955
0.0,0.001342962,-0.0013429620303213596
0.0,0.0023936795,-0.0023936794605106115
0.0,0.0481221,-0.0481221005320549
0.0,0.04835369,-0.04835369065403938
0.691,1.9205545,-1.2295545186996462
0.0,-0.066006854,0.0660068541765213
0.294,0.4254533,-0.13145330524444582
0.0,0.050068907,-0.05006890743970871
0.0,-0.054220423,0.054220423102378845
0.0,-0.015878417,0.01587841659784317
0.0,-0.002501182,0.0025011820252984762
0.0,-0.00945376,0.009453760460019112
0.0,-0.035331722,0.03533172234892845
0.0,-0.0127230575,0.01272305753082037
0.0,0.041104067,-0.041104067116975784
0.0,-0.005158606,0.005158605985343456
0.0,-0.046879143,0.04687914252281189
0.683,0.70734864,-0.024348644733428904
3.794,3.940597,-0.14659705734252926
0.0,-0.018605687,0.018605686724185944
0.0,-0.07177628,0.07177627831697464
0.0,0.0033481806,-0.0033481805585324764
0.0,-0.00036078395,0.00036078394623473287
0.045,0.24610355,-0.20110355496406557
0.0,-0.042173497,0.04217349737882614
0.0,0.23963931,-0.2396393120288849
0.0,0.0065499865,-0.0065499865449965
0.091,0.27451327,-0.18351327443122864
0.233,0.18476403,0.04823597240447999
0.0,-0.058434978,0.05843497812747955
0.0,0.0045231692,-0.004523169249296188
0.411,0.42855012,-0.01755012416839602
0.044,0.16720852,-0.12320852255821228
0.0,0.11119793,-0.11119793355464935
0.0,-0.0039503495,0.003950349520891905
0.581,0.5143876,0.06661239242553707
0.0,-0.049667425,0.04966742545366287
0.621,1.8752537,-1.254253677368164
0.0,-0.0026907788,0.002690778812393546
0.0,0.0024839237,-0.002483923686668277
0.0,-0.040357083,0.0403570830821991
0.145,0.34454,-0.19953999996185304
2.5,2.7784367,-0.27843666076660156
0.0,-0.01692068,0.016920680180191994
0.0,-0.010619465,0.01061946526169777
0.0,0.016314188,-0.0163141880184412
0.0,-0.01059675,0.010596750304102898
0.0,0.19704887,-0.1970488727092743
0.0,-0.0017857224,0.0017857224447652698
0.113,0.17594567,-0.06294566941261291
0.0,-0.007305224,0.00730522396042943
0.0,0.22046463,-0.22046463191509247
0.0,-0.007640844,0.007640844210982323
0.0,0.63489497,-0.6348949670791626
0.0,-0.0042303232,0.004230323247611523
8.533,9.015932,-0.48293208312988334
0.309,0.42413032,-0.11513032054901123
0.0,0.4594665,-0.45946648716926575
0.0,-0.0068631815,0.006863181479275227
0.0,0.14464466,-0.14464466273784637
0.0,-0.0127230575,0.01272305753082037
0.951,0.60084313,0.35015686845779415
0.0,-0.023763014,0.023763014003634453
0.0,0.08396913,-0.0839691311120987
20.194,18.606619,1.5873811187744131
0.004,0.1291403,-0.12514030253887176
0.093,0.034270994,0.0587290056347847
0.0,-0.019994283,0.019994283095002174
0.0,-0.008810023,0.008810022845864296
0.788,1.4001567,-0.6121567363739013
0.0,0.0032827654,-0.00328276539221406
29.908,32.2176,-2.3096017761230456
0.0,0.13876843,-0.13876843452453613
0.0,-0.005158606,0.005158605985343456
0.0,-0.018605687,0.018605686724185944
107.82,112.02212,-4.202117614746101
0.0,0.24119748,-0.24119748175144196
0.034,0.10653131,-0.07253130710124969
7.052,5.689331,1.3626689453124996
0.0,-0.050906904,0.05090690404176712
0.0,0.0041838503,-0.00418385025113821
0.0,0.051762916,-0.05176291614770889
0.0,0.02925718,-0.02925718016922474
0.0,-0.006665492,0.0066654919646680355
0.0,0.04467059,-0.04467058926820755
0.0,0.014441131,-0.014441130682826042
0.0,-0.009956022,0.009956021793186665
0.0,0.050432596,-0.05043259635567665
0.109,0.07974208,0.029257918536663055
0.0,-0.008760535,0.008760535158216953
0.0,0.006186301,-0.00618630088865757
0.0,-0.05385235,0.053852349519729614
0.0,0.04879925,-0.04879925027489662
0.0,0.04142209,-0.04142209142446518
0.0,0.07346984,-0.07346983999013901
0.0,-0.022258176,0.022258175536990166
0.0,-0.003553567,0.003553566988557577
0.0,0.1810099,-0.181009903550148
16.078,16.448587,-0.37058741760253966
0.051,0.46447745,-0.41347744965553285
0.164,0.36537305,-0.20137304520606994
0.0,-0.05385235,0.053852349519729614
4.362,3.9896336,0.37236643981933604
0.0,-0.0117719835,0.011771983467042446
0.0,0.13906458,-0.13906458020210266
0.273,0.20985132,0.06314867544174196
0.0,0.03526865,-0.03526864945888519
0.0,0.07487163,-0.07487162947654724
0.0,0.1662873,-0.16628730297088623
0.0,-0.026399497,0.02639949694275856
0.0,0.055064764,-0.055064763873815536
0.0,-0.005417667,0.0054176668636500835
0.0,0.15957744,-0.15957744419574738
0.0,-0.019411633,0.019411632791161537
0.0,-0.009298513,0.00929851271212101
0.0,-0.04652594,0.04652594029903412
2.24,2.1024542,0.13754581451416037
0.803,0.75298154,0.05001845645904546
0.0,0.055064764,-0.055064763873815536
0.0,0.029792206,-0.02979220636188984
0.0,0.067889996,-0.0678899958729744
0.0,0.15967047,-0.15967047214508057
0.0,0.020383537,-0.02038353681564331
0.0,-0.006948684,0.006948683876544237
2.195,2.1080523,0.08694774627685531
0.0,0.052328985,-0.052328985184431076
1.267,1.151609,0.11539105606079092
0.039,0.14044009,-0.10144009149074554
0.0,-0.009298513,0.00929851271212101
3.623,4.5315404,-0.9085403938293455
0.01,0.08569795,-0.07569794893264771
0.0,-0.020815391,0.020815391093492508
0.0,0.0051120305,-0.005112030543386936
0.0,-0.009255688,0.009255687706172466
0.432,0.1705867,0.2614132947921753
0.0,-0.07177628,0.07177627831697464
3.763,2.4484985,1.3145015125274657
0.0,0.05991528,-0.05991528183221817
0.0,0.00635534,-0.006355340126901865
0.0,-0.12848449,0.12848448753356934
0.086,0.24859855,-0.16259854578971863
0.0,0.001964657,-0.001964657101780176
0.102,0.2625629,-0.1605629007816315
1.754,1.9900268,-0.2360268316268921
0.0,0.050109327,-0.05010932683944702
0.0,0.1072339,-0.10723389685153961
0.476,0.3861215,0.08987848854064939
0.0,-0.007949469,0.007949468679726124
0.022,0.22926345,-0.20726345467567445
1.577,1.338948,0.23805198860168453
0.811,1.0512885,-0.24028848552703852
0.0,-0.05899245,0.058992449194192886
0.0,0.0049961014,-0.004996101371943951
0.0,0.6443952,-0.6443951725959778
0.485,0.46671447,0.018285528421401964
0.0,0.027182555,-0.027182554826140404
0.0,-0.0145724565,0.01457245647907257
0.0,-0.011260555,0.011260555125772953
0.0,-0.01692068,0.016920680180191994
0.0,0.5536813,-0.5536813139915466
0.0,-0.013743175,0.013743175193667412
0.0,0.14464466,-0.14464466273784637
0.0,0.055790182,-0.05579018220305443
0.0,-0.021279238,0.021279238164424896
0.0,-0.0043302593,0.004330259282141924
7.407,8.182411,-0.7754111938476562
0.0,-0.015362025,0.015362025238573551
0.748,0.62031347,0.12768653440475464
0.52,0.32781634,0.19218366265296938
0.709,0.8135144,-0.10451441144943241
0.0,-0.046485186,0.046485185623168945
0.607,0.6008214,0.006178624153137191
0.0,0.007126253,-0.007126253098249435
0.0,-0.007305224,0.00730522396042943
0.0,-0.0050505796,0.00505057955160737
0.0,-0.05385235,0.053852349519729614
0.793,0.96336406,-0.1703640646934509
0.0,0.039456815,-0.0394568145275116
0.0,-0.012903318,0.01290331780910492
0.0,-0.018509196,0.018509196117520332
1.218,0.74255806,0.47544193792343137
0.0,-0.009298513,0.00929851271212101
0.121,0.6095346,-0.4885346212387085
0.0,-0.01703257,0.017032569274306297
0.0,-0.03504201,0.03504201024770737
0.0,-0.004213528,0.004213527776300907
0.0,-0.050994877,0.0509948767721653
0.0,-0.021354016,0.021354015916585922
0.232,0.06516639,0.1668336085677147
0.0,0.1259095,-0.12590950727462769
0.026,0.023688156,0.002311843842267989
0.0,-0.009092238,0.009092237800359726
0.0,-0.08755081,0.0875508114695549
0.094,0.038685363,0.05531463721394539
0.0,-0.31132078,0.31132078170776367
0.0,0.0026335393,-0.0026335392612963915
0.0,-0.010093928,0.010093928314745426
0.0,-0.0039879265,0.00398792652413249
0.0,-0.020344106,0.02034410648047924
0.0,0.13787255,-0.13787254691123962
0.0,0.013036428,-0.013036428019404411
0.0,0.053042196,-0.05304219573736191
0.0,-0.013447243,0.01344724278897047
0.0,-0.050835285,0.05083528533577919
0.0,0.018279273,-0.018279273062944412
0.0,-0.032098975,0.03209897503256798
0.164,0.11377755,0.05022245192527772
0.018,0.060732003,-0.04273200330138206
0.189,0.15318272,0.03581728482246399
0.0,-0.008272155,0.008272155188024044
0.0,0.09609519,-0.09609518945217133
0.0,-0.0043302593,0.004330259282141924
3.681,3.8529823,-0.17198228263854975
0.0,-0.014430656,0.014430656097829342
0.0,0.13463336,-0.1346333622932434
0.0,0.11119793,-0.11119793355464935
0.0,-0.027892394,0.027892393991351128
4.0,2.9416006,1.0583994388580322
0.0,0.042143095,-0.042143095284700394
0.0,0.0022055514,-0.0022055513691157103
0.0,-0.05780124,0.05780123919248581
0.0,-0.014270336,0.014270336367189884
0.0,-0.007367384,0.0073673841543495655
0.553,0.47928038,0.0737196176052094
0.0,-0.012400152,0.012400152161717415
0.117,0.6419681,-0.5249680714607239
0.0,-0.0060619796,0.006061979569494724
0.0,-0.0088081695,0.008808169513940811
0.0,-0.014430656,0.014430656097829342
0.0,-0.058071293,0.05807129293680191
0.981,0.8858782,0.09512179470062254
0.0,0.007988805,-0.007988804951310158
0.098,0.20787992,-0.1098799158334732
0.0,-0.0030544626,0.003054462606087327
0.0,0.001095052,-0.0010950519936159253
0.029,0.20787865,-0.17887864923477173
0.0,0.031067435,-0.031067434698343277
14.068,13.570907,0.4970933609008785
0.0,0.090404406,-0.09040440618991852
0.0,-0.014063445,0.014063444919884205
0.0,-0.014310165,0.01431016530841589
0.0,-0.012281288,0.012281288392841816
0.0,-0.05086093,0.0508609302341938
0.0,-0.022258176,0.022258175536990166
0.0,0.053486515,-0.05348651483654976
0.0,-0.023763014,0.023763014003634453
0.0,-0.017842185,0.017842184752225876
2.351,2.1080918,0.2429081687927246
0.217,0.01700354,0.19999646005034447
0.062,0.23758769,-0.17558769035339356
0.0,-0.03732231,0.037322308868169785
0.0,-0.020881318,0.02088131755590439
0.476,0.3846664,0.09133358693122862
368.396,358.1944,10.201603027343765
0.0,0.030945957,-0.030945956707000732
0.0,0.18975106,-0.1897510588169098
0.0,-0.03735053,0.03735053166747093
0.28,0.29173577,-0.011735768318176243
0.0,-0.031050727,0.031050726771354675
0.0,0.050432596,-0.05043259635567665
0.0,-0.0012488413,0.0012488412903621793
0.0,-0.007640844,0.007640844210982323
0.0,-0.0046868953,0.004686895292252302
0.0,-0.009298513,0.00929851271212101
0.0,-0.0038579078,0.0038579078391194344
0.0,-0.015854139,0.015854138880968094
0.0,0.319733,-0.31973299384117126
0.029,6.137698e-05,0.028938623019261287
0.0,-0.017873038,0.017873037606477737
0.0,-0.04493841,0.04493841156363487
0.0,0.047829982,-0.04782998189330101
0.0,-0.0093958145,0.009395814500749111
0.0,-0.018087095,0.018087094649672508
2.612,2.8941808,-0.2821807746887206
0.0,-0.01574164,0.015741640701889992
0.04,0.34527352,-0.3052735245227814
0.0,-0.006301807,0.006301806773990393
0.0,-0.06637054,0.06637053936719894
0.0,-0.015514731,0.015514731407165527
0.0,0.0045231692,-0.004523169249296188
0.116,0.7755627,-0.6595627036094666
0.0,0.0052316273,-0.0052316272631287575
0.288,0.16926739,0.11873261380195615
0.0,-0.004496909,0.004496909212321043
0.0,0.0032827654,-0.00328276539221406
0.0,0.18255806,-0.1825580596923828
1.566,1.3821727,0.1838272962570191
0.071,0.083959386,-0.012959385752677924
0.011,0.04601858,-0.0350185818374157
0.0,0.05853343,-0.058533430099487305
0.0,-0.006561597,0.006561596877872944
0.0,-0.0100794835,0.01007948350161314
0.0,-0.07177628,0.07177627831697464
1.207,1.5573882,-0.3503881864547729
0.0,0.051490176,-0.0514901764690876
0.025,0.037278466,-0.012278465926647185
0.0,-0.0045371666,0.004537166561931372
0.0,-0.0093958145,0.009395814500749111
0.0,0.029428525,-0.029428524896502495
0.0,-0.06825518,0.06825517863035202
0.966,1.1033419,-0.13734193706512454
0.0,-0.032898635,0.03289863467216492
0.563,0.5652189,-0.002218925476074274
0.0,-0.011176504,0.01117650419473648
0.0,0.020530213,-0.02053021267056465
3.841,3.8873146,-0.04631455802917461
0.0,-0.010853405,0.010853405110538006
0.124,0.20355412,-0.07955412364006043
0.067,0.33313584,-0.26613584327697754
0.0,0.026231632,-0.026231631636619568
0.0,-0.008736897,0.008736897259950638
0.0,-0.022955304,0.022955304011702538
0.0,-0.030041192,0.03004119172692299
0.0,0.24404013,-0.2440401315689087
0.07,0.14421362,-0.07421361684799194
0.0,0.055717345,-0.0557173453271389
0.0,-0.012326577,0.012326576747000217
0.007,0.13931744,-0.13231743800640106
0.0,-0.0068782642,0.006878264248371124
1.024,1.0630554,-0.03905539608001707
29.854,26.059053,3.7949465789794914
0.096,0.3759777,-0.27997769498825076
0.0,-0.007305224,0.00730522396042943
0.84,1.3825191,-0.5425191259384156
0.0,-0.1318094,0.13180939853191376
0.0,-0.05200704,0.0520070381462574
0.0,-0.030041192,0.03004119172692299
0.0,-0.019438902,0.01943890191614628
0.0,0.030257469,-0.030257469043135643
0.0,0.39175743,-0.39175742864608765
0.0,-0.013619173,0.01361917331814766
0.0,-0.0059299557,0.005929955746978521
0.0,-0.03253495,0.032534949481487274
0.324,0.7721739,-0.4481738815307617
0.0,0.027182555,-0.027182554826140404
0.0,0.1723521,-0.17235210537910461
0.0,-0.025794018,0.02579401805996895
0.0,-0.007305224,0.00730522396042943
0.0,-0.002501182,0.0025011820252984762
0.0,-0.010230588,0.010230587795376778
6.724,6.7821603,-0.05816028213500957
2.437,3.0301428,-0.5931427841186525
0.0,-0.0052339477,0.005233947653323412
0.0,-0.0145724565,0.01457245647907257
0.018,0.114105105,-0.09610510540008545
0.0,0.0022145766,-0.002214576583355665
0.0,0.001706873,-0.0017068729503080249
0.0,-0.006948684,0.006948683876544237
0.115,0.21913016,-0.10413015842437744
0.0,0.006186301,-0.00618630088865757
0.0,0.14464466,-0.14464466273784637
0.006,0.010625408,-0.00462540803104639
0.0,-0.094712906,0.09471290558576584
0.0,-0.017877594,0.017877593636512756
0.025,0.16313118,-0.13813117742538453
0.0,-0.0016665956,0.001666595577262342
0.0,-0.01848488,0.018484879285097122
0.0,-0.01074806,0.010748060420155525
0.0,0.05816974,-0.05816974118351936
18.295,17.560057,0.7349433135986345
0.0,0.37401092,-0.37401092052459717
0.0,0.020383537,-0.02038353681564331
0.0,0.0032827654,-0.00328276539221406
0.367,0.49809363,-0.1310936348438263
0.438,0.7886535,-0.35065349292755127
0.291,0.32010415,-0.02910415196418764
0.0,-0.021553326,0.02155332639813423
0.0,-0.0039503495,0.003950349520891905
0.0,0.062251415,-0.062251415103673935
0.0,-0.012326577,0.012326576747000217
1.428,3.0338936,-1.6058935852050782
0.0,0.037100613,-0.03710061311721802
0.0,-0.01186802,0.011868019588291645
2.022,2.0407019,-0.018701866149902546
0.0,0.053339455,-0.053339455276727676
0.61,0.6697606,-0.059760584831237806
0.0,0.26953074,-0.2695307433605194
0.744,1.0579892,-0.313989239692688
0.0,-0.00036078395,0.00036078394623473287
0.0,-0.017785363,0.017785362899303436
0.066,0.3692766,-0.30327661299705505
0.047,0.04221879,0.004781210541725159
0.0,0.33961818,-0.33961817622184753
0.293,0.6150537,-0.3220537133216858
0.0,-0.008407722,0.008407722227275372
0.0,0.027182555,-0.027182554826140404
0.882,0.87127197,0.010728032112121588
0.911,0.49224547,0.41875453448295596
0.072,0.12745291,-0.055452909946441656
2.577,2.4865818,0.0904181976318359
0.0,-0.006485966,0.00648596603423357
0.0,-0.03913947,0.03913946822285652
0.018,0.017785858,0.00021414163708686693
0.0,0.3079835,-0.30798348784446716
5.975,5.497663,0.47733697891235316
0.0,-0.025245061,0.02524506114423275
0.0,-0.023799736,0.02379973605275154
0.0,0.1372643,-0.13726429641246796
0.0,-0.0033310393,0.003331039333716035
0.0,-0.015801203,0.01580120250582695
0.0,0.006673299,-0.00667329877614975
0.0,-0.034617398,0.03461739793419838
0.356,0.3651863,-0.009186303853988664
0.0,0.02232649,-0.02232648991048336
0.241,0.29208276,-0.051082756757736214
0.0,0.0051120305,-0.005112030543386936
0.0,0.008852175,-0.008852175436913967
0.0,0.026231632,-0.026231631636619568
0.0,0.06743267,-0.06743267178535461
0.0,-0.06837347,0.06837347149848938
0.0,-0.016856855,0.016856854781508446
0.0,0.014537608,-0.014537608250975609
0.0,-0.010977028,0.01097702793776989
0.0,0.018745886,-0.01874588616192341
0.0,0.16766027,-0.16766026616096497
0.0,-0.0062725106,0.006272510625422001
2.014,2.2187014,-0.2047013626098635
0.0,-0.0045371666,0.004537166561931372
0.116,0.07720083,0.03879917001724244
0.0,-0.017087486,0.017087485641241074
0.098,1.1497804,-1.0517803926467895
0.0,-0.015362025,0.015362025238573551
0.0,-0.034617398,0.03461739793419838
0.0,-0.06505177,0.06505177170038223
0.0,0.11988135,-0.11988134682178497
0.882,0.8883816,-0.0063816003799438414
0.532,1.1569735,-0.6249734811782837
0.0,0.29268014,-0.29268014430999756
1.081,1.0159513,0.06504872417449947
0.0,0.06286119,-0.06286118924617767
0.0,-0.011704591,0.011704591102898121
0.0,0.06286119,-0.06286118924617767
0.013,0.097182296,-0.08418229621648789
0.0,-0.016204825,0.016204824671149254
4.601,3.8444102,0.7565898189544678
0.0,-0.014445166,0.014445166103541851
0.0,-0.022955304,0.022955304011702538
0.0,-0.007305224,0.00730522396042943
0.0,0.012323556,-0.012323555536568165
0.0,0.061055597,-0.06105559691786766
0.0,-0.020701438,0.020701438188552856
3.578,2.5540128,1.0239872245788573
0.0,-0.011291867,0.0112918671220541
0.0,-0.0036800995,0.0036800995003432035
0.0,-0.0045371666,0.004537166561931372
0.0,-0.055614095,0.05561409518122673
0.0,-0.0077020153,0.0077020153403282166
0.0,-0.010510698,0.010510697960853577
1.039,0.7394379,0.29956212186813347
5.364,6.4699774,-1.105977378845215
0.0,0.21800734,-0.21800734102725983
1.303,0.81357914,0.4894208579063415
0.0,0.0032827654,-0.00328276539221406
0.0,-0.0031420859,0.0031420858576893806
0.0,-0.01632946,0.016329459846019745
0.198,-0.30803427,0.5060342710018157
0.0,-0.011704591,0.011704591102898121
0.0,0.6827975,-0.6827974915504456
0.02,0.032150056,-0.012150056213140487
0.0,0.037099574,-0.03709957376122475
0.0,0.011096588,-0.011096588335931301
0.0,-0.09358935,0.09358935058116913
0.0,0.09820951,-0.09820950776338577
0.0,0.0001158734,-0.00011587340122787282
0.054,-0.07015032,0.12415032321214675
5.887,4.958786,0.9282139892578121
0.0,-0.024603562,0.02460356242954731
0.0,-0.02070571,0.020705709233880043
0.0,-0.028338183,0.028338182717561722
0.0,0.19132257,-0.19132256507873535
0.0,0.05112649,-0.05112649127840996
0.0,0.03351806,-0.03351806104183197
0.0,0.0035243365,-0.0035243364982306957
0.0,-0.114321396,0.11432139575481415
0.0,0.0029427416,-0.0029427416156977415
1.934,1.330683,0.6033170070648193
2.835,2.0283692,0.8066308116912841
0.542,0.76965857,-0.2276585655212402
0.0,-0.007367384,0.0073673841543495655
0.0,0.0052316273,-0.0052316272631287575
0.0,0.020383537,-0.02038353681564331
0.0,0.0030442032,-0.003044203156605363
0.0,0.060278952,-0.06027895212173462
0.0,0.0481221,-0.0481221005320549
0.0,0.31356406,-0.3135640621185303
0.0,0.053569898,-0.05356989800930023
0.0,0.050068907,-0.05006890743970871
0.0,-0.049692612,0.04969261214137077
0.0,0.0022145766,-0.002214576583355665
0.0,-0.010230588,0.010230587795376778
0.0,0.18785146,-0.1878514587879181
0.0,0.0031714821,-0.0031714821234345436
0.0,-0.036969956,0.03696995601058006
0.033,-0.0058424547,0.03884245473146439
0.0,-0.0030271672,0.003027167171239853
0.0,-0.017087486,0.017087485641241074
0.0,-0.021553326,0.02155332639813423
0.0,0.12461078,-0.1246107816696167
0.0,0.0049275644,-0.004927564412355423
0.0,-0.014270336,0.014270336367189884
0.0,-0.009255688,0.009255687706172466
0.0,0.076790474,-0.0767904743552208
0.0,0.0022145766,-0.002214576583355665
0.036,0.5194242,-0.4834242000579834
1.622,1.9861405,-0.36414048957824696
0.0,-0.007305224,0.00730522396042943
0.076,0.21879421,-0.14279421174526213
0.0,0.08031794,-0.08031793683767319
0.0,-0.018695774,0.0186957735568285
0.0,0.1627351,-0.16273510456085205
0.74,1.1674541,-0.4274541234970093
0.16,0.71404225,-0.5540422463417053
0.0,-0.032768354,0.03276835381984711
0.0,0.0018631974,-0.001863197423517704
0.51,0.33957008,0.17042992472648621
0.0,-0.008407722,0.008407722227275372
0.0,-0.011704591,0.011704591102898121
0.0,0.0037353057,-0.003735305741429329
6.447,6.8831863,-0.4361863403320312
0.094,0.2172236,-0.12322359955310822
0.0,0.07346984,-0.07346983999013901
0.194,0.23470905,-0.04070905423164367
1.403,1.9907892,-0.5877891750335693
0.0,-0.03181083,0.031810831278562546
0.0,-0.032898635,0.03289863467216492
0.0,0.00635534,-0.006355340126901865
0.0,0.06518229,-0.06518229097127914
0.0,0.020383537,-0.02038353681564331
0.019,0.06119412,-0.042194121837615964
0.0,-0.058434978,0.05843497812747955
0.0,-0.039721645,0.039721645414829254
2.366,1.9390001,0.42699987030029307
0.0,0.06279067,-0.06279066950082779
0.0,-0.030218542,0.030218541622161865
0.047,0.06937902,-0.022379016757011413
0.0,-0.011176504,0.01117650419473648
0.0,0.056153875,-0.05615387484431267
0.0,-0.020815391,0.020815391093492508
0.01,0.1252926,-0.1152925992012024
0.603,0.620869,-0.01786898088455202
0.0,0.00025617023,-0.00025617022765800357
3.846,2.5067894,1.339210554122925
0.0,0.013481438,-0.013481438159942627
0.0,-0.011282679,0.011282678693532944
0.0,0.0023080574,-0.002308057388290763
0.0,-0.00440881,0.004408809822052717
0.0,-0.009866903,0.009866902604699135
0.171,0.32996142,-0.15896141910552977
0.0,-0.009289998,0.0092899976298213
0.0,-0.009826487,0.009826486930251122
0.0,-0.0073229577,0.007322957739233971
0.0,-0.029251985,0.029251985251903534
0.0,-0.0042303232,0.004230323247611523
0.0,0.0017066457,-0.0017066457075998187
1.131,-1.6872075,2.8182074604034426
0.0,-0.01165555,0.011655550450086594
0.0,-0.0050505796,0.00505057955160737
0.0,0.050817024,-0.05081702396273613
0.0,0.27189165,-0.27189165353775024
0.0,-0.0016665956,0.001666595577262342
0.379,0.3081539,0.07084610247612
0.0,0.15268146,-0.15268145501613617
0.186,0.17340893,0.012591074466705321
0.0,-0.060299404,0.060299403965473175
0.0,-0.029085865,0.02908586524426937
0.0,-0.0038579078,0.0038579078391194344
0.0,-0.03708444,0.037084441632032394
0.0,-0.015878417,0.01587841659784317
0.0,0.023202246,-0.02320224605500698
0.0,-0.034617398,0.03461739793419838
0.0,0.0014997222,-0.001499722246080637
0.827,0.9091198,-0.08211978483200078
0.0,-0.007839471,0.007839471101760864
0.0,0.0072711403,-0.007271140348166227
16.446,13.858246,2.5877541503906265
0.0,-0.015412207,0.015412206761538982
0.0,-0.011151809,0.011151809245347977
0.0,-0.015174255,0.015174254775047302
0.0,-0.015389709,0.015389708802103996
0.0,0.18667527,-0.1866752654314041
0.0,0.013748244,-0.013748244382441044
0.0,-0.053378537,0.05337853729724884
10.224,10.281357,-0.0573568115234373
1.311,1.1682634,0.1427365646362304
0.637,0.42550766,0.21149233531951905
0.0,0.14786233,-0.14786233007907867
0.0,0.12919785,-0.1291978508234024
3.989,3.9008076,0.08819238090515125
0.0,0.10079104,-0.10079103708267212
0.0,-0.12934922,0.1293492168188095
0.213,0.45523766,-0.24223765683174134
0.116,-0.123366706,0.23936670607328414
0.0,-0.008665185,0.008665185421705246
1.064,0.5223818,0.5416182174682618
0.0,-0.034253713,0.03425371274352074
0.0,0.2290793,-0.22907930612564087
0.0,0.029362598,-0.029362598434090614
0.0,0.022395894,-0.022395893931388855
0.0,-0.0004953291,0.0004953290917910635
0.0,0.051490176,-0.0514901764690876
0.0,-0.028449263,0.02844926342368126
0.252,0.48618102,-0.23418102073669433
0.0,0.0032459216,-0.0032459215726703405
0.0,0.03351806,-0.03351806104183197
0.0,0.027182555,-0.027182554826140404
1.036,0.83033526,0.205664740562439
0.0,-0.003919845,0.0039198449812829494
0.0,-0.007305224,0.00730522396042943
0.0,0.012681232,-0.012681231833994389
0.0,-0.00052449893,0.0005244989297352731
0.704,0.50219685,0.2018031516075134
0.0,-0.009619373,0.009619372896850109
7.465,7.6796947,-0.2146946525573732
0.0,-0.0111030415,0.011103041470050812
0.0,-0.004273829,0.00427382905036211
0.0,-0.01074806,0.010748060420155525
0.0,-0.019455478,0.019455477595329285
0.018,0.03287626,-0.014876260578632356
0.0,0.026231632,-0.026231631636619568
0.0,0.0032157828,-0.0032157828100025654
0.0,0.011096588,-0.011096588335931301
0.0,-0.008739394,0.008739394135773182
0.0,-0.008212707,0.008212707005441189
0.0,-0.018383222,0.018383221700787544
0.0,-0.010203132,0.010203132405877113
0.0,-0.12435537,0.12435536831617355
0.0,0.31024474,-0.31024473905563354
0.0,0.0030216083,-0.0030216083396226168
0.0,-0.009327499,0.009327499195933342
0.475,0.35287988,0.1221201181411743
0.0,0.001342962,-0.0013429620303213596
13.357,12.587533,0.7694670028686517
0.0,-0.01632946,0.016329459846019745
0.887,0.7616098,0.12539020729064942
0.0,-0.07201415,0.07201415300369263
0.0,0.6521791,-0.6521791219711304
0.0,0.041104067,-0.041104067116975784
0.0,-0.050068583,0.050068583339452744
0.0,0.029792206,-0.02979220636188984
0.131,-0.03830517,0.1693051708340645
0.0,0.053181462,-0.05318146198987961
0.0,-0.007305224,0.00730522396042943
0.822,0.8712416,-0.04924162912368779
0.0,0.004403855,-0.004403855185955763
0.0,-0.0030271672,0.003027167171239853
0.0,0.36769128,-0.3676912784576416
0.37,0.5706009,-0.20060092687606812
0.0,-0.04806669,0.04806669056415558
0.0,0.0072711403,-0.007271140348166227
0.0,0.09299915,-0.09299915283918381
0.0,-0.025794018,0.02579401805996895
0.0,0.009704253,-0.00970425270497799
0.0,-0.0028635752,0.0028635752387344837
0.0,-0.0038498442,0.00384984421543777
1.334,0.8585579,0.4754421200752259
0.0,0.0022055514,-0.0022055513691157103
0.0,-0.0038579078,0.0038579078391194344
0.0,-0.012687489,0.01268748939037323
0.0,-0.010203132,0.010203132405877113
20.847,21.631466,-0.7844659118652331
0.963,0.7394379,0.2235621218681335
0.0,-0.015704004,0.01570400409400463
0.0,-0.032048505,0.032048504799604416
0.0,-0.042600486,0.04260048642754555
0.062,0.016295606,0.04570439372956753
0.0,0.022103937,-0.022103937342762947
0.0,-0.016476652,0.016476651653647423
0.0,0.074643545,-0.07464354485273361
0.0,0.2176437,-0.21764369308948517
0.0,-0.015878417,0.01587841659784317
0.0,0.20070067,-0.20070067048072815
0.0,-0.01574164,0.015741640701889992
0.0,-0.04126543,0.04126543179154396
0.0,-0.022258176,0.022258175536990166
0.0,-0.012687489,0.01268748939037323
0.0,-0.018816145,0.0188161451369524
0.0,0.0106487535,-0.010648753494024277
0.0,-0.016857054,0.016857054084539413
0.09,0.014335036,0.075664963722229
0.307,0.4503881,-0.143388103723526
0.0,-0.026726905,0.02672690525650978
0.0,-0.040620863,0.04062086343765259
0.0,-0.00440881,0.004408809822052717
0.058,0.25843742,-0.2004374248981476
0.0,0.19300406,-0.1930040568113327
0.0,-0.0372941,0.03729410097002983
0.058,0.14039268,-0.08239267599582673
0.0,0.07279768,-0.07279767841100693
0.0,0.018745886,-0.01874588616192341
0.0,-0.020815391,0.020815391093492508
0.0,-0.12751806,0.12751805782318115
0.7,0.7222079,-0.022207903861999556
0.0,-0.015174255,0.015174254775047302
1.016,0.8232663,0.19273367261886598
0.0,0.16658859,-0.16658858954906464
0.0,-0.014750062,0.014750061556696892
0.0,-0.01381258,0.013812580145895481
0.0,-0.041477893,0.04147789254784584
0.062,0.4632354,-0.40123540806770325
0.069,0.050621543,0.018378456920385366
0.0,-0.0279637,0.027963699772953987
0.0,-0.015941877,0.01594187691807747
0.0,0.018388007,-0.01838800683617592
0.0,-0.0059299557,0.005929955746978521
0.0,-0.015704004,0.01570400409400463
0.0,-0.030592002,0.030592001974582672
0.0,-0.028432108,0.028432108461856842
0.022,0.066787615,-0.044787615418434144
2.63,2.6100051,0.019994859695434464
45.957,42.554203,3.402796966552735
0.0,-0.005158606,0.005158605985343456
0.0,-0.215748,0.21574799716472626
0.0,-0.014676356,0.014676355756819248
0.0,-0.050835285,0.05083528533577919
0.0,-0.08755081,0.0875508114695549
0.403,0.6030917,-0.2000917167663574
0.106,0.1292373,-0.023237294197082523
0.0,-0.052598763,0.05259876325726509
4.547,3.6714625,0.8755374641418454
0.15,0.23735225,-0.08735225200653077
0.0,-0.006665492,0.0066654919646680355
0.0,-0.0145724565,0.01457245647907257
0.0,-0.0053323084,0.005332308355718851
0.0,-0.01714756,0.01714755967259407
0.0,0.0033481806,-0.0033481805585324764
0.0,0.12652946,-0.12652945518493652
0.0,-0.06924683,0.06924682855606079
0.19,0.23964685,-0.04964685201644897
0.375,0.44171283,-0.06671282649040222
0.0,-0.0021239698,0.002123969839885831
0.0,-0.008810023,0.008810022845864296
0.156,0.25292328,-0.09692328000068665
2.005,2.1802435,-0.17524349212646495
0.0,0.060278952,-0.06027895212173462
0.0,0.0169572,-0.016957199200987816
0.0,-0.008665185,0.008665185421705246
0.207,0.12503639,0.08196361136436461
0.66,0.7526324,-0.09263237953186032
0.0,-0.010460649,0.01046064868569374
0.142,0.16262494,-0.020624940276145948
0.592,0.6852874,-0.09328741598129275
0.0,-0.013619173,0.01361917331814766
0.0,-0.005487225,0.005487225018441677
0.0,0.045638565,-0.045638564974069595
2.704,2.6246696,0.07933044815063495
0.0,0.09645888,-0.09645888209342957
0.008,0.21400477,-0.2060047699213028
0.075,0.1339903,-0.058990302681922915
0.0,-0.07589393,0.07589393109083176
0.0,-0.010203132,0.010203132405877113
0.0,-0.0050505796,0.00505057955160737
0.0,-0.015989134,0.015989134088158607
0.0,-0.0083491085,0.008349108509719372
0.0,-0.013906653,0.01390665303915739
0.0,0.0026323237,-0.0026323236525058746
9.555,9.127837,0.4271628189086911
0.0,-0.005293474,0.005293474067002535
0.174,0.26267818,-0.08867817616462709
0.0,-0.018519226,0.01851922646164894
2.251,2.1719542,0.07904584503173817
0.0,-0.13882364,0.13882364332675934
0.0,0.0364268,-0.03642680123448372
0.0,0.22571218,-0.22571218013763428
0.0,-0.013619173,0.01361917331814766
0.0,0.052038968,-0.05203896760940552
0.0,-0.024132533,0.024132532998919487
0.0,-0.03409705,0.03409704938530922
1.058,1.7345678,-0.6765677614212036
0.0,-0.03409705,0.03409704938530922
0.0,-0.09827066,0.09827066212892532
0.0,-0.26051652,0.26051652431488037
0.0,-0.053488664,0.05348866432905197
0.0,-0.04832067,0.048320669680833817
0.0,0.15775606,-0.15775606036186218
0.0,-0.15007831,0.15007831156253815
0.0,-0.015444231,0.01544423121958971
0.0,-0.0093810465,0.009381046518683434
1.308,1.097831,0.2101689891815186
0.0,0.0026805196,-0.0026805195957422256
0.0,-0.04298615,0.042986150830984116
0.0,-0.0050505796,0.00505057955160737
0.0,0.0022145766,-0.002214576583355665
0.0,0.30469307,-0.3046930730342865
718.559,753.4237,-34.86470605468753
1.702,1.7251482,-0.023148200988769574
0.0,-0.0030544626,0.003054462606087327
0.0,-0.013743175,0.013743175193667412
0.196,0.043683726,0.1523162736594677
2.683,2.5638244,0.11917558479309065
19.567,18.158245,1.4087549133300783
0.0,-0.007884459,0.007884458638727665
0.869,0.7513543,0.11764572286605834
0.0,0.21339546,-0.21339546144008636
0.0,0.119614445,-0.11961444467306137
0.0,0.01033522,-0.010335220023989677
0.0,-0.056585092,0.05658509209752083
0.0,-0.018238148,0.018238147720694542
0.0,0.011319162,-0.01131916232407093
0.0,-0.033733364,0.03373336419463158
0.299,0.29238224,0.006617759704589832
23.845,23.754946,0.09005424499511605
0.0,-0.04930374,0.04930374026298523
0.0,0.06286119,-0.06286118924617767
0.0,0.014176384,-0.0141763836145401
0.0,0.28722218,-0.2872221767902374
0.0,0.08396913,-0.0839691311120987
0.314,0.7081581,-0.39415807580947876
2.229,3.2618666,-1.0328665695190429
0.0,-0.032768354,0.03276835381984711
0.527,0.63073593,-0.10373593378067014
3.846,3.3780851,0.46791486358642587
0.0,-0.0035561617,0.003556161653250456
0.0,-0.016186533,0.016186533495783806
0.0,0.0025790583,-0.002579058287665248
0.0,-0.016356213,0.01635621301829815
0.0,-0.023812674,0.0238126739859581
0.0,0.0001158734,-0.00011587340122787282
0.0,-0.0054966733,0.005496673285961151
0.0,0.0023936795,-0.0023936794605106115
0.0,-0.00052449893,0.0005244989297352731
0.0,-0.034617398,0.03461739793419838
0.0,0.052038968,-0.05203896760940552
0.0,0.38142797,-0.38142797350883484
0.0,-0.064245604,0.06424560397863388
0.011,0.047808163,-0.03680816286802292
0.0,0.04534275,-0.04534275084733963
0.0,-0.034617398,0.03461739793419838
0.0,-0.019994283,0.019994283095002174
0.0,0.0084452005,-0.008445200510323048
0.0,-0.0004953291,0.0004953290917910635
0.0,-0.010803709,0.01080370880663395
0.0,-0.00023833233,0.00023833232990000397
0.0,-0.0036144045,0.003614404471591115
0.0,0.004403855,-0.004403855185955763
0.0,-7.9976846e-05,7.997684588190168e-05
0.0,-0.04296417,0.04296417161822319
0.367,0.9363927,-0.5693927245140076
0.0,-0.015389709,0.015389708802103996
0.0,0.004525355,-0.004525355063378811
0.0,0.11119793,-0.11119793355464935
0.0,0.011222442,-0.01122244168072939
0.0,0.024068033,-0.024068033322691917
0.0,-0.024603562,0.02460356242954731
0.0,-0.0093810465,0.009381046518683434
0.0,-0.035104558,0.03510455787181854
0.0,0.089231335,-0.08923133462667465
0.153,0.52954626,-0.3765462608337402
0.0,-0.013386536,0.01338653638958931
0.0,-0.08791449,0.08791448920965195
0.0,0.003820166,-0.003820165991783142
0.0,0.05112649,-0.05112649127840996
0.0,0.006410785,-0.006410785019397736
0.0,0.00184919,-0.0018491899827495217
1.044,1.0166837,0.02731630229949955
0.118,0.30138183,-0.18338182640075684
0.0,0.07241575,-0.07241574674844742
0.0,-0.009826487,0.009826486930251122
0.0,-0.004324809,0.004324809182435274
0.0,-0.0027784025,0.002778402529656887
0.0,-0.018139781,0.018139781430363655
0.0,-0.026399497,0.02639949694275856
0.0,-0.0039503495,0.003950349520891905
0.008,0.06566405,-0.057664052963256836
24.297,24.84534,-0.548340728759765
0.0,-0.032898635,0.03289863467216492
0.0,0.15589002,-0.15589001774787903
0.0,-0.032768354,0.03276835381984711
0.0,0.010998922,-0.010998922400176525
0.0,0.0011763761,-0.0011763761285692453
0.0,-0.008736897,0.008736897259950638
0.0,-0.022258176,0.022258175536990166
0.0,0.2709536,-0.27095359563827515
0.0,-0.009134425,0.009134424850344658
0.0,-0.0139501905,0.013950190506875515
0.0,-0.014653145,0.014653145335614681
44.215,39.51882,4.69617828369141
3.591,3.2209604,0.3700396213531496
0.0,-0.00043459027,0.000434590270742774
0.0,-0.12816218,0.1281621754169464
0.0,-0.0093958145,0.009395814500749111
0.181,0.35420537,-0.17320536994934083
0.0,-0.017423918,0.01742391847074032
0.0,-0.044503503,0.044503502547740936
0.0,0.19649144,-0.19649143517017365
0.0,-0.022285193,0.02228519320487976
0.0,0.5864335,-0.586433470249176
0.0,-0.014892135,0.014892134815454483
0.0,-0.014310165,0.01431016530841589
0.0,0.03351806,-0.03351806104183197
0.0,-0.004713955,0.004713954869657755
0.0,0.0030216083,-0.0030216083396226168
0.0,-0.01574164,0.015741640701889992
0.0,-0.0060619796,0.006061979569494724
0.0,-0.0016042583,0.0016042583156377077
0.0,-0.0028248085,0.002824808470904827
0.149,0.21079987,-0.06179987287521363
0.0,-0.04729607,0.04729606956243515
0.011,-0.06782612,0.07882612204551696
0.0,0.12616578,-0.12616577744483948
5.205,4.8608,0.34420021057128913
0.141,0.65550965,-0.5145096507072449
177.226,158.70088,18.525118041992187
0.0,-0.06908596,0.06908596307039261
0.0,-0.009289998,0.0092899976298213
0.0,-0.05385235,0.053852349519729614
0.0,-0.010230588,0.010230587795376778
0.0,-0.016356213,0.01635621301829815
0.0,-0.033733364,0.03373336419463158
0.0,0.4548174,-0.45481741428375244
0.0,-0.022296196,0.022296195849776268
0.0,0.026382625,-0.026382625102996826
0.0,0.02326151,-0.023261509835720062
0.0,-0.010472562,0.010472562164068222
0.505,0.5870351,-0.08203511953353881
0.0,-0.009817446,0.009817445650696754
0.0,-0.05529104,0.05529104173183441
0.974,0.95490575,0.019094251632690407
2.106,3.3882565,-1.2822565498352052
0.0,0.12041473,-0.12041472643613815
0.0,-0.16335724,0.16335724294185638
0.0,-0.0064972127,0.006497212685644627
0.0,0.05816974,-0.05816974118351936
0.018,0.33148113,-0.3134811289310455
5.604,5.9166627,-0.31266269302368155
0.042,0.41221634,-0.37021633553504946
0.387,0.2281534,0.15884660732746125
0.229,0.29453197,-0.06553197121620177
0.007,0.03843686,-0.03143685984611511
0.0,-0.028957797,0.028957797214388847
0.509,0.3733774,0.13562258744239808
0.0,-0.043024518,0.043024517595767975
0.0,0.043545544,-0.043545544147491455
0.431,0.4552721,-0.024272108316421515
0.0,0.16477092,-0.1647709161043167
0.0,-0.013386536,0.01338653638958931
0.0,-0.039721645,0.039721645414829254
0.0,-0.0164317,0.016431700438261032
0.0,-0.02967751,0.029677510261535645
0.0,0.00081898016,-0.0008189801592379808
0.0,-0.016705822,0.016705822199583054
0.0,-0.01655612,0.016556119546294212
0.055,0.4019215,-0.34692151069641114
0.0,-0.003919845,0.0039198449812829494
0.073,0.04886175,0.024138250529766078
0.0,-0.021642921,0.02164292149245739
0.0,-0.01186802,0.011868019588291645
0.0,-0.0060619796,0.006061979569494724
0.0,-0.14490594,0.1449059396982193
0.106,-0.16723108,0.27323108291625975
0.087,0.064274825,0.022725174844264978
0.0,0.060278952,-0.06027895212173462
0.0,0.36072022,-0.3607202172279358
0.0,-0.0073229577,0.007322957739233971
0.0,0.0072922558,-0.007292255759239197
0.0,-0.0051234537,0.005123453680425882
0.0,0.1267255,-0.12672549486160278
0.0,-0.0111030415,0.011103041470050812
0.0,0.028257826,-0.02825782634317875
0.0,-0.010308852,0.010308852419257164
0.0,-0.00440881,0.004408809822052717
0.0,-0.08791449,0.08791448920965195
0.0,-0.031926643,0.03192664310336113
0.0,0.07931746,-0.07931745797395706
0.0,-0.018605687,0.018605686724185944
0.0,-0.01670925,0.01670924946665764
0.0,-0.01655612,0.016556119546294212
5.551,5.472137,0.07886302566528336
2.235,3.1694217,-0.934421672821045
0.0,-0.009289998,0.0092899976298213
0.0,-0.021553326,0.02155332639813423
26.08,24.833313,1.2466870117187483
0.0,-0.020446537,0.02044653706252575
0.0,-0.0039503495,0.003950349520891905
0.0,-0.02201362,0.022013619542121887
0.383,0.3903158,-0.007315800905227654
0.0,0.0022055514,-0.0022055513691157103
0.016,0.0186178,-0.002617799505591392
0.0,-0.0014749009,0.001474900869652629
0.0,0.022897828,-0.022897828370332718
0.0,-0.0127230575,0.01272305753082037
0.0,0.055790182,-0.05579018220305443
0.0,0.018984443,-0.018984442576766014
0.0,-0.018605687,0.018605686724185944
0.0,0.019999275,-0.019999274984002113
0.0,0.0048210314,-0.004821031354367733
0.0,0.0072922558,-0.007292255759239197
0.0,0.15926522,-0.15926522016525269
0.0,0.033293564,-0.03329356387257576
3.265,3.4200172,-0.1550172424316405
0.029,0.20932624,-0.18032623744010925
0.0,-0.03804121,0.038041211664676666
0.0,-0.020451706,0.020451705902814865
0.152,0.30270085,-0.15070084738731385
0.0,-0.008772734,0.008772733621299267
0.0,-0.0030271672,0.003027167171239853
0.892,0.7664462,0.12555382680892946
1.081,0.8094547,0.2715453205108642
0.0,0.6604831,-0.6604831218719482
0.0,0.07980182,-0.07980182021856308
0.603,0.77296835,-0.16996835184097292
0.0,0.13857555,-0.13857555389404297
0.0,0.0032827654,-0.00328276539221406
0.0,0.011222442,-0.01122244168072939
0.0,-0.005925148,0.005925147794187069
0.0,-0.0093958145,0.009395814500749111
0.0,-0.014430656,0.014430656097829342
0.0,-0.009817446,0.009817445650696754
0.0,0.15682627,-0.15682627260684967
0.0,-0.011176504,0.01117650419473648
0.0,-0.007961942,0.007961941882967949
0.0,0.050068907,-0.05006890743970871
0.0,0.08433281,-0.08433280885219574
0.0,0.13580295,-0.1358029544353485
0.017,0.013956232,0.0030437680035829556
0.0,0.033096377,-0.033096376806497574
0.0,0.026231632,-0.026231631636619568
0.0,-0.023784619,0.023784618824720383
0.105,0.23610884,-0.13110883951187136
7.195,6.474309,0.7206910324096683
0.0,-0.015514731,0.015514731407165527
0.0,0.13787255,-0.13787254691123962
3.388,3.4436498,-0.0556497688293458
0.0,-0.01769306,0.017693059518933296
0.0,0.00635534,-0.006355340126901865
0.0,0.0024839237,-0.002483923686668277
0.0,-0.030757053,0.030757052823901176
0.0,0.022897828,-0.022897828370332718
0.0,0.053402103,-0.05340210348367691
0.0,-0.10052241,0.10052240639925003
0.0,-0.015412207,0.015412206761538982
7.757,8.94117,-1.1841697387695316
0.0,-0.07614111,0.0761411115527153
0.0,0.052038968,-0.05203896760940552
0.0,0.07503274,-0.07503274083137512
0.0,0.0091347415,-0.009134741500020027
0.0,-0.017423918,0.01742391847074032
0.0,0.010377545,-0.010377544909715652
0.139,0.23357964,-0.09457963562011718
0.0,0.026014049,-0.026014048606157303
0.0,0.027182555,-0.027182554826140404
0.0,-0.019411633,0.019411632791161537
1.822,0.99710214,0.82489785861969
0.0,0.0037353057,-0.003735305741429329
0.0,-0.0007274416,0.0007274416275322437
0.0,-0.010739357,0.010739357210695744
0.0,-0.004713955,0.004713954869657755
0.037,0.26853967,-0.2315396671295166
0.0,-0.0072268657,0.007226865738630295
0.0,-0.053488664,0.05348866432905197
0.0,0.052038968,-0.05203896760940552
0.621,1.0409951,-0.41999512100219727
0.0,0.00029232388,-0.0002923238789662719
0.0,0.16601685,-0.1660168468952179
0.0,-0.0093958145,0.009395814500749111
0.0,-0.013392329,0.013392329216003418
0.0,0.036477752,-0.03647775202989578
0.0,-0.0059299557,0.005929955746978521
0.0,0.022671962,-0.022671962156891823
0.0,0.00029232388,-0.0002923238789662719
0.076,0.24266697,-0.16666697466373442
2.165,2.0823705,0.08262948036193851
0.498,0.48551595,0.012484047889709471
0.859,1.3935616,-0.534561601638794
0.029,0.3452451,-0.3162450931072235
0.0,0.0051120305,-0.005112030543386936
0.0,-0.036054682,0.03605468198657036
0.0,-0.012974751,0.012974751181900501
0.0,0.0030216083,-0.0030216083396226168
1.268,1.1047738,0.16322624015808107
0.0,-0.008635835,0.00863583479076624
0.0,-0.002501182,0.0025011820252984762
0.0,-0.008810023,0.008810022845864296
0.0,-0.0127230575,0.01272305753082037
0.0,-0.053488664,0.05348866432905197
0.0,-0.016356213,0.01635621301829815
0.054,0.09470096,-0.04070096230506897
0.487,0.4238909,0.0631091113090515
0.0,-0.0042303232,0.004230323247611523
0.001,1.2885878,-1.287587808609009
0.0,0.049789254,-0.04978925362229347
0.0,-0.014270336,0.014270336367189884
7.082,6.773432,0.3085682220458983
0.0,-0.03174671,0.03174671158194542
0.0,-0.014270336,0.014270336367189884
0.0,0.1787831,-0.1787831038236618
0.0,0.10742861,-0.10742861032485962
0.0,-0.0112765115,0.01127651147544384
0.0,0.14027017,-0.1402701735496521
0.0,-0.015174255,0.015174254775047302
0.0,0.05816974,-0.05816974118351936
0.0,0.05112649,-0.05112649127840996
0.0,0.14464466,-0.14464466273784637
0.0,0.0029557615,-0.002955761505290866
0.131,0.31449422,-0.18349422240257263
0.0,0.001095052,-0.0010950519936159253
0.0,-0.04493841,0.04493841156363487
0.0,-0.032898635,0.03289863467216492
0.705,0.6373212,0.06767882585525509
0.623,1.2983032,-0.6753032464981079
0.019,0.08829951,-0.06929951286315918
0.013,-0.015135693,0.028135693363845346
0.0,-0.040814057,0.04081405699253082
0.0,-0.023789544,0.02378954365849495
0.0,-0.021642921,0.02164292149245739
0.0,-0.04979849,0.04979848861694336
0.0,0.01033522,-0.010335220023989677
0.0,0.018998355,-0.01899835467338562
0.084,0.090434834,-0.00643483436107635
0.0,0.07683903,-0.07683902978897095
0.672,0.6763542,-0.004354229450225788
0.0,0.042231854,-0.04223185405135155
0.0,-0.030218542,0.030218541622161865
0.0,0.050432596,-0.05043259635567665
0.73,0.7292401,0.0007598805427551092
0.0,-0.00887954,0.008879539556801319
0.538,0.8081347,-0.2701346750259399
0.0,-0.06413578,0.06413578242063522
0.0,0.12974605,-0.12974604964256287
0.0,0.33845142,-0.33845141530036926
0.0,0.24455416,-0.24455416202545166
0.0,-0.024132533,0.024132532998919487
0.0,-0.013405545,0.013405544683337212
0.0,-0.09247289,0.09247288852930069
0.0,-0.014427128,0.014427128247916698
0.0,0.050432596,-0.05043259635567665
1.793,1.7716422,0.021357791900634693
0.0,-0.004656844,0.004656843841075897
0.0,0.46570495,-0.46570494771003723
0.0,0.21800734,-0.21800734102725983
0.0,0.021627935,-0.021627934649586678
0.0,0.2176437,-0.21764369308948517
0.0,-0.0045371666,0.004537166561931372
0.0,-0.010977028,0.01097702793776989
1.333,1.3453323,-0.012332264900207557
123.281,119.95753,3.3234728393554747
0.0,-0.009136419,0.00913641881197691
0.547,1.1658399,-0.6188399105072021
0.0,0.07962908,-0.0796290785074234
0.0,0.053042196,-0.05304219573736191
0.0,-0.023799736,0.02379973605275154
0.0,-0.032898635,0.03289863467216492
0.0,0.07856863,-0.07856862992048264
0.0,-0.02070571,0.020705709233880043
0.0,0.022690171,-0.022690171375870705
0.0,0.006673299,-0.00667329877614975
0.0,-0.0072268657,0.007226865738630295
0.0,0.03351806,-0.03351806104183197
0.0,-0.16885212,0.16885212063789368
0.0,-0.005417667,0.0054176668636500835
0.0,-0.011704591,0.011704591102898121
0.0,0.06628757,-0.0662875697016716
0.0,-0.007884459,0.007884458638727665
0.0,-0.039721645,0.039721645414829254
0.0,-0.0093810465,0.009381046518683434
0.039,0.4433159,-0.4043158934116364
0.102,0.13295867,-0.030958665490150458
0.431,0.40787283,0.02312717413902282
0.0,0.21800734,-0.21800734102725983
0.0,0.010377545,-0.010377544909715652
0.0,0.092019156,-0.09201915562152863
0.0,0.006186301,-0.00618630088865757
0.0,-0.020810222,0.020810222253203392
0.0,0.14464466,-0.14464466273784637
0.926,1.920233,-0.9942330112457275
6.364,5.283786,1.0802141799926757
0.0,-0.022258176,0.022258175536990166
0.0,0.055064764,-0.055064763873815536
0.0,-0.035914015,0.035914015024900436
0.0,-0.02574954,0.025749539956450462
0.0,0.012323556,-0.012323555536568165
1.892,1.5930727,0.29892734718322744
0.0,0.027182555,-0.027182554826140404
0.0,0.004915623,-0.004915622994303703
0.0,-0.0117719835,0.011771983467042446
0.0,0.006673299,-0.00667329877614975
0.0,-0.011375103,0.011375103145837784
0.0,0.00025617023,-0.00025617022765800357
0.0,0.10385107,-0.1038510724902153
0.0,-0.005158606,0.005158605985343456
0.251,0.21297151,0.038028491497039796
0.0,-0.015362025,0.015362025238573551
0.151,0.31066045,-0.1596604516506195
0.151,0.46853116,-0.31753116154670713
0.0,0.0017030404,-0.0017030404414981604
0.0,0.011474145,-0.011474144645035267
0.0,0.09482035,-0.09482035040855408
0.0,0.001342962,-0.0013429620303213596
0.0,0.058317684,-0.05831768363714218
0.0,-0.015362025,0.015362025238573551
0.0,-0.008022162,0.00802216213196516
0.0,-0.005988502,0.0059885019436478615
0.0,-0.011504336,0.011504336260259151
0.0,0.02064524,-0.02064524032175541
0.0,-0.007640844,0.007640844210982323
0.0,0.0036227242,-0.0036227242089807987
0.0,0.0067190244,-0.006719024386256933
0.0,-0.0037973183,0.003797318320721388
0.0,-0.007640844,0.007640844210982323
0.0,0.0017066457,-0.0017066457075998187
0.0,0.052038968,-0.05203896760940552
0.0,-0.0054966733,0.005496673285961151
0.0,-0.008810023,0.008810022845864296
0.663,0.3862149,0.2767850880622864
0.0,0.07392987,-0.07392986863851547
0.0,-0.111123584,0.11112358421087265
0.0,-0.026399497,0.02639949694275856
0.304,0.6091643,-0.305164297580719
0.0,0.015790213,-0.015790212899446487
0.0,0.11453014,-0.11453013867139816
0.487,0.53208864,-0.04508863735198976
0.0,-0.014059904,0.014059904031455517
0.0,0.04142209,-0.04142209142446518
0.0,-0.006665492,0.0066654919646680355
0.0,-0.016357897,0.016357896849513054
0.0,0.49538124,-0.495381236076355
0.0,0.13787255,-0.13787254691123962
0.0,-0.0071351808,0.007135180756449699
0.0,-0.08887698,0.08887697756290436
0.0,-0.044574726,0.04457472637295723
0.667,0.6495857,0.017414276123046912
0.0,0.0030221017,-0.0030221017077565193
0.0,-0.0042303232,0.004230323247611523
0.011,0.24706611,-0.23606611037254333
0.017,0.012952812,0.004047187983989717
19.031,19.37955,-0.3485509338378918
0.0,0.054252706,-0.054252706468105316
0.0,0.035070132,-0.035070132464170456
0.0,-0.034617398,0.03461739793419838
0.0,0.07346984,-0.07346983999013901
0.0,-0.03708444,0.037084441632032394
0.0,-0.012715644,0.01271564420312643
0.0,-0.014427128,0.014427128247916698
0.0,0.022759577,-0.02275957725942135
0.763,0.60899246,0.15400754261016847
6.221,5.644336,0.5766637763977052
0.0,-0.017041104,0.017041103914380074
19.544,18.87901,0.6649907531738286
0.0,-0.024132533,0.024132532998919487
0.0,-0.015695121,0.01569512113928795
0.02,0.08829951,-0.06829951286315918
0.0,-0.022955304,0.022955304011702538
0.0,-0.032898635,0.03289863467216492
0.0,-0.003154277,0.003154277103021741
0.0,-0.015695121,0.01569512113928795
0.0,0.0052316273,-0.0052316272631287575
0.603,0.57796514,0.025034859657287578
0.0,0.06571055,-0.06571055203676224
0.0,0.0026805196,-0.0026805195957422256
0.0,0.018745886,-0.01874588616192341
2.436,2.2683535,0.16764653778076166
0.0,0.001342962,-0.0013429620303213596
0.131,0.15106401,-0.02006400847434997
0.0,-0.0145724565,0.01457245647907257
0.0,-0.015174255,0.015174254775047302
2.473,2.729827,-0.25682692718505873
0.0,-0.01848488,0.018484879285097122
0.0,-0.007288315,0.007288314867764711
0.0,-0.0111030415,0.011103041470050812
0.0,0.0023936795,-0.0023936794605106115
0.0,0.14049907,-0.1404990702867508
0.24,0.17789674,0.06210326194763183
7.362,7.7957215,-0.43372153091430654
5.609,5.2001457,0.4088542785644531
0.0,0.0065499865,-0.0065499865449965
0.0,0.042231854,-0.04223185405135155
0.159,0.43343058,-0.27443058228492734
0.0,-0.02023979,0.02023979090154171
0.0,0.06286119,-0.06286118924617767
0.0,-0.08791449,0.08791448920965195
0.0,0.009944932,-0.009944931603968143
0.0,0.050414354,-0.05041435360908508
0.0,-0.020451706,0.020451705902814865
0.0,-0.006301807,0.006301806773990393
0.04,-0.014012395,0.05401239540427923
0.0,-0.028532475,0.028532475233078003
0.0,0.00081898016,-0.0008189801592379808
0.148,0.23793721,-0.08993721199035645
0.505,0.62322444,-0.11822443723678588
0.0,-0.013437695,0.013437694869935513
0.185,0.07446407,0.11053593218326568
0.0,0.010377545,-0.010377544909715652
0.0,-0.028073285,0.028073284775018692
0.0,0.0051120305,-0.005112030543386936
0.0,0.1259823,-0.12598229944705963
0.0,-0.01165555,0.011655550450086594
0.0,0.0048868526,-0.004886852577328682
0.0,-0.01823239,0.01823239028453827
3.016,3.4429045,-0.4269044723510742
0.0,0.050068907,-0.05006890743970871
0.018,0.28266296,-0.264662957906723
0.0,-0.03192347,0.03192346915602684
0.0,0.501144,-0.5011439919471741
2.279,1.614345,0.6646550455093383
0.0,0.010503234,-0.010503234341740608
0.0,-0.011941307,0.011941307224333286
0.0,0.13426171,-0.13426171243190765
0.0,-0.008722413,0.008722413331270218
0.0,-0.042600486,0.04260048642754555
0.0,-0.0101857,0.01018569990992546
0.0,1.4101448,-1.4101448059082031
0.0,0.08295435,-0.08295434713363647
0.0,-0.0042303232,0.004230323247611523
0.0,0.012323556,-0.012323555536568165
0.0,-0.01165555,0.011655550450086594
0.0,-0.02808557,0.02808557078242302
0.0,-0.022258176,0.022258175536990166
0.0,0.024273252,-0.024273252114653587
0.109,0.016907515,0.09209248499572277
0.0,-0.009619373,0.009619372896850109
0.0,0.08931977,-0.08931977301836014
0.0,-0.22278632,0.2227863222360611
0.0,0.008412721,-0.008412720635533333
0.0,0.007820353,-0.007820352911949158
0.729,0.64911896,0.07988104009628294
0.0,0.07081022,-0.0708102211356163
0.0,-0.0028330092,0.0028330092318356037
0.0,-0.03708444,0.037084441632032394
0.0,0.03351806,-0.03351806104183197
0.92,0.47410244,0.44589756250381474
0.065,0.020289715,0.044710284620523455
0.011,0.049469747,-0.03846974664926529
0.0,0.028257826,-0.02825782634317875
0.083,0.5019741,-0.4189741058349609
0.0,0.13090286,-0.13090285658836365
0.114,-0.012414264,0.12641426356136798
0.0,-0.042321917,0.04232191666960716
0.062,-0.10108859,0.16308859091997147
0.0,0.14307125,-0.143071249127388
0.0,0.06937969,-0.06937968730926514
0.128,0.07649569,0.0515043078660965
0.0,0.13787255,-0.13787254691123962
11.391,10.904363,0.486637321472168
0.003,0.03818673,-0.03518672895431518
0.0,-0.022258176,0.022258175536990166
0.12,0.080369875,0.03963012516498565
0.0,0.24917534,-0.24917533993721008
0.0,0.05002825,-0.050028249621391296
0.0,-0.01632946,0.016329459846019745
0.0,0.06322488,-0.06322488188743591
0.0,-0.020810222,0.020810222253203392
0.0,-0.011291867,0.0112918671220541
0.0,0.018857222,-0.01885722205042839
11.062,10.748107,0.3138930435180658
0.79,0.8516221,-0.061622104644775355
0.0,-0.030692017,0.03069201670587063
0.0,-0.023812674,0.0238126739859581
0.0,-0.108361244,0.10836124420166016
0.0,0.018745886,-0.01874588616192341
0.0,0.04142209,-0.04142209142446518
0.0,0.050068907,-0.05006890743970871
0.0,-0.018383222,0.018383221700787544
0.0,0.022897828,-0.022897828370332718
0.0,0.13787255,-0.13787254691123962
0.0,0.020383537,-0.02038353681564331
0.0,0.00029232388,-0.0002923238789662719
1.337,1.0945575,0.24244247627258297
0.0,0.0022055514,-0.0022055513691157103
0.0,-0.013437695,0.013437694869935513
0.0,-0.06814619,0.06814619153738022
0.0,0.0051120305,-0.005112030543386936
0.0,-0.12815267,0.12815266847610474
0.0,0.07081022,-0.0708102211356163
0.0,-0.042505067,0.042505066841840744
0.0,-0.026677255,0.02667725458741188
0.0,0.49138698,-0.4913869798183441
0.0,-0.012326577,0.012326576747000217
0.0,0.05632673,-0.0563267283141613
0.334,0.6824106,-0.3484105978012085
0.0,-0.019455478,0.019455477595329285
0.0,0.15486912,-0.15486912429332733
0.0,-0.10873501,0.10873501002788544
0.0,-0.05454485,0.054544851183891296
0.617,0.6940237,-0.07702372837066651
0.0,0.048260212,-0.04826021194458008
0.0,-0.0111030415,0.011103041470050812
0.0,0.036582097,-0.0365820974111557
0.0,-0.034617398,0.03461739793419838
4.079,3.3889906,0.690009359359741
0.0,-0.02637057,0.026370570063591003
7.731,6.802095,0.9289050636291503
0.0,-0.12998487,0.12998487055301666
0.0,0.0026323237,-0.0026323236525058746
0.0,-0.014681945,0.014681944623589516
0.0,-0.009819254,0.009819254279136658
1.164,-0.0018983444,1.1658983443733304
0.0,0.00184919,-0.0018491899827495217
0.0,-0.0066786595,0.0066786594688892365
0.0,0.042231854,-0.04223185405135155
0.137,0.0826593,0.05434070330858232
0.0,0.006987917,-0.006987916771322489
0.0,0.004525355,-0.004525355063378811
0.031,0.04323915,-0.012239150196313858
0.0,-0.0014749009,0.001474900869652629
0.0,0.001706873,-0.0017068729503080249
0.0,-0.0039503495,0.003950349520891905
0.0,0.096910276,-0.0969102755188942
0.0,-0.012644973,0.012644972652196884
0.0,-0.0068782642,0.006878264248371124
0.0,0.050632995,-0.05063299462199211
2.177,1.3622698,0.8147302408218384
0.0,-0.032768354,0.03276835381984711
0.16,0.13062418,0.029375824928283695
0.0,-0.0042303232,0.004230323247611523
0.0,-0.02808557,0.02808557078242302
0.0,0.006186301,-0.00618630088865757
0.0,-0.015965778,0.0159657783806324
1.658,1.8186867,-0.16068672370910653
0.294,0.5184728,-0.22447279071807863
0.0,0.17624895,-0.1762489527463913
3.442,2.8881733,0.5538266582489015
0.0,-0.015412207,0.015412206761538982
0.0,0.0072325654,-0.0072325654327869415
0.011,0.012812065,-0.0018120649605989463
0.0,-0.002501182,0.0025011820252984762
0.0,0.035625078,-0.03562507778406143
0.0,-0.033142712,0.03314271196722984
3.981,3.3753448,0.605655246734619
0.0,0.012323556,-0.012323555536568165
0.0,-0.0039503495,0.003950349520891905
0.0,-0.007555958,0.00755595788359642
0.0,-0.022258176,0.022258175536990166
1.625,1.9106884,-0.2856884002685547
0.0,0.026231632,-0.026231631636619568
0.0,-0.008736897,0.008736897259950638
0.0,-0.03708444,0.037084441632032394
2.602,2.277158,0.32484197807312
0.0,-0.009289998,0.0092899976298213
0.0,0.0036227242,-0.0036227242089807987
0.0,0.011760962,-0.011760962195694447
0.0,-0.07330736,0.07330735772848129
11.545,13.299418,-1.7544184494018555
0.0,0.0072711403,-0.007271140348166227
0.0,-0.0065969178,0.006596917752176523
0.0,-0.025721146,0.025721145793795586
0.0,0.020383537,-0.02038353681564331
0.0,-0.009619373,0.009619372896850109
0.0,0.085970774,-0.08597077429294586
0.0,0.09299915,-0.09299915283918381
0.006,-0.13630612,0.14230612194538117
0.0,0.07589241,-0.07589241117238998
0.0,-0.010977028,0.01097702793776989
0.0,-0.047690883,0.04769088327884674
0.0,-0.008272155,0.008272155188024044
0.121,0.091360934,0.029639065921306607
0.0,-0.053488664,0.05348866432905197
1.046,0.8243617,0.22163831806182865
0.0,-0.03735053,0.03735053166747093
0.0,-0.026777757,0.026777757331728935
0.0,-0.009619373,0.009619372896850109
0.0,-0.08199444,0.0819944366812706
0.0,-0.042600486,0.04260048642754555
0.0,-0.06246886,0.06246886029839516
1.628,0.69958586,0.9284141449928283
3.115,3.132369,-0.01736904144287088
0.0,-0.053488664,0.05348866432905197
1.62,0.6893647,0.9306353282928468
0.0,-0.049884155,0.04988415539264679
0.0,0.11119793,-0.11119793355464935
0.0,0.38147917,-0.3814791738986969
0.0,0.05162832,-0.051628321409225464
0.0,-0.0164317,0.016431700438261032
0.0,-0.0045371666,0.004537166561931372
0.0,-0.023706425,0.023706424981355667
0.0,-0.0042303232,0.004230323247611523
0.102,0.14039715,-0.03839714634418488
0.0,-0.0009988624,0.0009988624369725585
0.0,-0.006665492,0.0066654919646680355
0.418,0.7195359,-0.30153588724136354
0.0,-0.0141068585,0.014106858521699905
0.0,-0.0042303232,0.004230323247611523
0.0,0.121062405,-0.12106240540742874
0.0,0.08570052,-0.08570051938295364
0.0,-0.00088882487,0.0008888248703442514
0.0,-0.027910134,0.027910133823752403
0.0,-0.04493841,0.04493841156363487
0.0,-0.0127230575,0.01272305753082037
0.136,0.09082388,0.04517611867189408
0.138,0.09749478,0.040505218982696545
0.0,-0.051769923,0.0517699234187603
0.108,0.24555267,-0.1375526739358902
0.0,0.042231854,-0.04223185405135155
0.0,-0.050835285,0.05083528533577919
0.0,-0.024734974,0.024734973907470703
0.0,0.050817024,-0.05081702396273613
0.0,-0.02649658,0.026496579870581627
0.712,0.4928982,0.2191018040180206
0.106,0.23592019,-0.12992019081115724
0.0,-0.009619373,0.009619372896850109
0.0,-0.02407346,0.024073459208011627
0.0,-0.019455478,0.019455477595329285
0.0,-0.19877012,0.19877012073993683
0.0,0.013748244,-0.013748244382441044
0.0,-0.10790283,0.10790283232927322
0.0,-0.008793379,0.008793379180133343
6.384,6.1347356,0.24926441574096714
0.84,0.6097343,0.23026570320129391
2.881,1.7098544,1.1711456356048582
0.0,-0.015801203,0.01580120250582695
0.0,-0.017877594,0.017877593636512756
0.0,-0.01632946,0.016329459846019745
0.0,-0.023812674,0.0238126739859581
0.0,-0.005694984,0.005694983992725611
0.0,-0.013446649,0.013446648605167866
0.0,0.053181462,-0.05318146198987961
0.0,0.008300462,-0.008300461806356907
0.0,0.14195897,-0.14195896685123444
0.0,-1.2326382,1.2326382398605347
0.0,-0.015362025,0.015362025238573551
0.0,0.1590189,-0.15901890397071838
2.139,2.4518232,-0.3128232345581057
0.0,0.21800734,-0.21800734102725983
0.0,-0.020815391,0.020815391093492508
0.0,0.1678669,-0.16786690056324005
0.0,-0.012687489,0.01268748939037323
0.044,0.022051632,0.021948367595672605
0.0,-0.011692892,0.011692891828715801
0.0,0.19256283,-0.19256283342838287
0.0,-0.11115567,0.111155666410923
0.0,-0.511665,0.5116649866104126
0.0,-0.058434978,0.05843497812747955
0.0,0.7040667,-0.7040666937828064
0.196,0.2722604,-0.07626039767265319
0.0,0.07081022,-0.0708102211356163
0.0,0.090882555,-0.0908825546503067
0.0,-0.018383222,0.018383221700787544
0.0,0.059702907,-0.059702906757593155
0.0,-0.03735053,0.03735053166747093
0.0,0.02345833,-0.02345832996070385
0.378,0.24304551,0.13495449113845825
0.0,-0.013619173,0.01361917331814766
0.0,-0.002501182,0.0025011820252984762
0.0,-0.12437659,0.12437658756971359
12.244,9.582656,2.6613440933227537
0.0,0.027182555,-0.027182554826140404
0.0,-0.15839791,0.15839791297912598
0.0,0.0091347415,-0.009134741500020027
0.0,0.028795762,-0.028795761987566948
0.0,0.41554508,-0.4155450761318207
0.0,0.05475778,-0.05475778132677078
0.0,-0.022591619,0.022591618821024895
0.0,-0.006948684,0.006948683876544237
0.212,-0.39723817,0.6092381651401519
0.0,-0.0050505796,0.00505057955160737
0.0,-0.00052449893,0.0005244989297352731
1.621,1.83385,-0.21285002613067627
0.0,0.0051120305,-0.005112030543386936
0.0,0.042231854,-0.04223185405135155
0.0,0.5954602,-0.5954601764678955
0.256,0.43512782,-0.1791278245449066
0.0,0.001342962,-0.0013429620303213596
0.0,-0.06318494,0.0631849393248558
0.179,0.23684427,-0.0578442714214325
0.0,-0.0050505796,0.00505057955160737
0.976,-1.8829833,2.8589833269119262
0.0,-0.011176504,0.01117650419473648
0.0,-0.015965778,0.0159657783806324
0.0,-0.0139501905,0.013950190506875515
0.0,0.40283117,-0.40283116698265076
0.0,-0.011282679,0.011282678693532944
0.0,-0.01574164,0.015741640701889992
0.0,-0.0068631815,0.006863181479275227
0.0,0.006410785,-0.006410785019397736
0.309,0.26147935,0.04752065205574035
0.0,-0.034559485,0.03455948457121849
0.0,-0.02967751,0.029677510261535645
0.0,0.0025790583,-0.002579058287665248
0.0,0.040073577,-0.04007357731461525
0.0,-0.023763014,0.023763014003634453
0.0,-0.01632946,0.016329459846019745
0.0,0.005684394,-0.005684393923729658
0.0,0.06464524,-0.06464523822069168
0.0,0.34744617,-0.34744617342948914
6.382,6.4910192,-0.10901924896240267
0.0,0.0045231692,-0.004523169249296188
0.0,0.21098058,-0.2109805792570114
0.0,-0.01584114,0.01584113948047161
0.0,0.042231854,-0.04223185405135155
0.065,0.10375382,-0.03875382006168365
0.0,-0.023812674,0.0238126739859581
0.0,0.0045231692,-0.004523169249296188
0.0,-0.010230588,0.010230587795376778
0.0,-0.07177628,0.07177627831697464
0.029,0.11064203,-0.08164203083515167
0.0,-0.0042303232,0.004230323247611523
0.0,0.042231854,-0.04223185405135155
0.0,0.00081898016,-0.0008189801592379808
0.0,0.49399772,-0.493997722864151
0.0,-0.037677526,0.03767752647399902
0.0,0.052038968,-0.05203896760940552
0.0,-0.0093540745,0.009354074485599995
0.0,0.090854906,-0.09085490554571152
0.0,0.004525355,-0.004525355063378811
0.0,0.05816974,-0.05816974118351936
0.039,-0.37380204,0.4128020360469818
0.367,0.48613226,-0.11913226413726807
0.0,0.028257826,-0.02825782634317875
0.0,0.0711739,-0.07117389887571335
0.0,-0.005394426,0.005394426174461842
0.0,-0.008272155,0.008272155188024044
0.0,-0.015340323,0.015340322628617287
0.0,0.1277191,-0.12771910429000854
0.2,0.700696,-0.5006959915161133
0.0,-0.015965778,0.0159657783806324
0.0,-0.014270336,0.014270336367189884
1.834,0.70565003,1.1283499684333802
0.0,-0.010783457,0.010783457197248936
0.007,0.010280537,-0.0032805374190211295
0.157,0.49355018,-0.33655018138885495
0.0,-0.16073965,0.16073964536190033
0.0,0.069970965,-0.06997096538543701
0.0,-0.027971173,0.0279711727052927
0.0,-0.05016218,0.0501621812582016
0.0,0.30469665,-0.304696649312973
0.0,0.042231854,-0.04223185405135155
0.0,0.0036227242,-0.0036227242089807987
0.749,0.856303,-0.10730297660827637
0.0,-0.0043302593,0.004330259282141924
0.0,-0.0038579078,0.0038579078391194344
0.0,-0.030411579,0.030411578714847565
0.0,-0.007640844,0.007640844210982323
3.175,3.357568,-0.18256802558898944
0.0,-0.007555958,0.00755595788359642
2.557,1.9898018,0.5671982355117797
0.017,0.0002841631,0.01671583689330146
0.0,0.022395894,-0.022395893931388855
0.0,-0.008032255,0.008032254874706268
0.526,0.68047553,-0.15447553300857542
0.0,0.009969203,-0.009969202801585197
0.0,0.414815,-0.4148150086402893
0.0,-0.006948684,0.006948683876544237
0.0,-0.0111030415,0.011103041470050812
0.0,-0.0016665956,0.001666595577262342
0.0,-0.007367384,0.0073673841543495655
0.0,-0.008611637,0.00861163716763258
0.0,-0.03253495,0.032534949481487274
0.911,0.70497316,0.2060268387794495
0.0,-0.008926314,0.008926314301788807
0.0,0.0051120305,-0.005112030543386936
0.0,0.060433734,-0.06043373420834541
0.0,0.03197958,-0.031979579478502274
0.0,-0.02568871,0.025688709691166878
0.0,-0.04979849,0.04979848861694336
0.0,-0.04296417,0.04296417161822319
1.404,1.3147734,0.08922655963897697
0.0,-0.015377789,0.015377788804471493
0.0,-0.014750062,0.014750061556696892
0.0,-0.020107944,0.020107943564653397
0.0,-0.002858834,0.00285883410833776
0.109,0.1184763,-0.009476301431655884
0.0,-0.0004953291,0.0004953290917910635
0.116,-0.30491132,0.4209113154411316
0.0,0.1733132,-0.1733132004737854
0.0,-0.003919845,0.0039198449812829494
0.0,-0.008736897,0.008736897259950638
0.0,-0.027160477,0.02716047689318657
8.22,6.702963,1.5170371246337897
0.0,0.002212873,-0.00221287296153605
0.0,-0.07177628,0.07177627831697464
0.01,-0.061109398,0.07110939756035804
0.036,-0.005810354,0.04181035390496254
12.559,13.150795,-0.591794982910157
0.031,0.41899788,-0.38799788379669187
0.055,0.11472924,-0.05972924053668976
0.0,0.06896595,-0.06896594911813736
0.0,-0.010862041,0.010862041264772415
0.0,-0.017269641,0.017269641160964966
0.161,0.19929644,-0.03829644465446472
0.0,-0.008736897,0.008736897259950638
0.0,0.0108611435,-0.010861143469810486
34.079,30.796164,3.2828364410400397
0.0,0.001706873,-0.0017068729503080249
0.0,0.004403855,-0.004403855185955763
0.0,0.06837754,-0.0683775395154953
0.0,-0.0045371666,0.004537166561931372
0.0,-0.0072268657,0.007226865738630295
0.0,-0.07374412,0.07374411821365356
0.229,0.10177901,0.127220993578434
0.0,0.05853343,-0.058533430099487305
0.08,0.3100845,-0.2300844919681549
0.256,0.1798433,0.07615669345855713
0.051,0.10343362,-0.05243361645936966
0.0,0.038675375,-0.038675375282764435
0.0,-0.018605687,0.018605686724185944
0.0,-0.011071571,0.01107157114893198
0.0,-0.010384377,0.010384377092123032
0.0,-0.012974751,0.012974751181900501
0.022,-0.0085902745,0.03059027449041605
0.0,-0.02303368,0.023033680394291878
0.0,-0.011704591,0.011704591102898121
0.0,0.12616578,-0.12616577744483948
0.0,-0.01833209,0.018332090228796005
0.0,-0.0031420859,0.0031420858576893806
2.9,2.8527627,0.047237300872802646
0.0,0.09623408,-0.09623408317565918
3.537,3.2164168,0.3205831642150878
0.0,0.032258686,-0.03225868567824364
0.0,-0.013386536,0.01338653638958931
0.105,0.51582974,-0.4108297419548035
0.0,0.08453721,-0.08453720808029175
0.0,0.13823596,-0.13823595643043518
0.0,6.919308e-05,-6.91930836183019e-05
0.0,-0.005293474,0.005293474067002535
0.0,-0.016204825,0.016204824671149254
0.0,-0.01632946,0.016329459846019745
0.0,0.2534483,-0.2534483075141907
2.517,3.544064,-1.0270640449523927
0.0,0.18323043,-0.1832304298877716
1.212,1.6793633,-0.4673632507324219
0.0,0.24624148,-0.2462414801120758
0.0,-0.024132533,0.024132532998919487
1.119,0.920818,0.19818202877044677
0.0,-0.023840716,0.02384071610867977
0.218,0.29275146,-0.07475146126747131
0.0,-0.0026907788,0.002690778812393546
0.0,0.014441131,-0.014441130682826042
1.008,0.7114407,0.29655931758880616
0.047,0.2982186,-0.25121860790252687
0.0,0.017100113,-0.01710011251270771
3.508,2.834563,0.6734369831085205
0.0,-0.0004953291,0.0004953290917910635
0.0,0.2759449,-0.27594488859176636
0.0,-0.0139501905,0.013950190506875515
0.0,-0.012644973,0.012644972652196884
0.0,-0.0072268657,0.007226865738630295
0.0,0.11119793,-0.11119793355464935
0.0,-0.005940831,0.005940830800682306
0.0,0.014355225,-0.014355224557220936
0.0,0.023202246,-0.02320224605500698
0.0,-0.07656667,0.0765666663646698
0.425,0.20429964,0.22070035636425017
718.017,762.18445,-44.16744824218745
0.0,-0.01417626,0.014176259748637676
0.0,-0.039721645,0.039721645414829254
2.326,2.3448598,-0.018859838485717706
0.0,0.10685808,-0.10685808211565018
0.0,-0.0045371666,0.004537166561931372
0.0,0.17482422,-0.17482422292232513
1.486,0.7876787,0.6983212814331055
0.0,0.018279273,-0.018279273062944412
0.0,0.0018634067,-0.0018634067382663488
0.0,0.018155951,-0.01815595105290413
0.0,0.06411882,-0.06411881744861603
0.0,0.00025617023,-0.00025617022765800357
18.597,17.723347,0.8736532897949232
0.0,0.2972912,-0.29729118943214417
2.232,1.8174833,0.4145166940689089
0.0,-0.03355982,0.03355982154607773
0.0,-0.00213935,0.0021393499337136745
0.0,0.013748244,-0.013748244382441044
0.0,-0.005394426,0.005394426174461842
0.0,-0.030041192,0.03004119172692299
0.0,0.022759577,-0.02275957725942135
3.027,2.8341343,0.19286565971374525
0.0,-0.0127230575,0.01272305753082037
0.076,0.048887637,0.02711236348748207
0.0,0.02326151,-0.023261509835720062
0.0,-0.0013597809,0.0013597809011116624
0.0,-0.005394426,0.005394426174461842
0.0,-0.0050505796,0.00505057955160737
0.0,0.026391206,-0.026391206309199333
0.575,0.6716026,-0.09660260677337651
0.0,-0.007305224,0.00730522396042943
0.0,-0.03708444,0.037084441632032394
0.0,-0.21615596,0.21615596115589142
0.0,0.11156161,-0.1115616112947464
0.0,-0.014270336,0.014270336367189884
0.0,0.04142209,-0.04142209142446518
2.263,1.5673386,0.6956614141464232
0.553,1.6555016,-1.1025016040802003
26.183,24.98564,1.1973604278564451
0.0,-0.013386536,0.01338653638958931
0.0,0.07346984,-0.07346983999013901
0.0,0.13787255,-0.13787254691123962
0.0,-0.0047678067,0.004767806734889746
0.22,0.48809087,-0.26809087276458743
0.0,-0.01714756,0.01714755967259407
0.0,-0.04296417,0.04296417161822319
0.0,-0.02478015,0.02478015050292015
0.0,0.08396913,-0.0839691311120987
0.0,-0.0013597809,0.0013597809011116624
0.542,0.38102022,0.16097978186607365
0.0,-0.04296417,0.04296417161822319
0.0,-0.06534545,0.06534545123577118
0.0,-0.0111030415,0.011103041470050812
0.211,0.84594846,-0.6349484577178955
0.0,-0.06291043,0.06291043013334274
3.38,2.735832,0.6441680240631102
2.25,1.7092232,0.5407768487930298
1.615,1.4032254,0.2117745780944824
0.0,0.12526599,-0.12526598572731018
0.0,0.026773328,-0.026773327961564064
0.0,0.029496534,-0.029496533796191216
0.0,-0.018605687,0.018605686724185944
0.034,0.12285263,-0.0888526309132576
0.0,0.00081898016,-0.0008189801592379808
0.0,0.0041838503,-0.00418385025113821
0.0,-0.01692068,0.016920680180191994
0.0,-0.0076866406,0.007686640601605177
0.0,0.028795762,-0.028795761987566948
0.0,-0.022258176,0.022258175536990166
0.0,0.0001158734,-0.00011587340122787282
8.525,7.7815485,0.7434514999389652
0.0,0.07346984,-0.07346983999013901
0.0,-0.023799736,0.02379973605275154
0.0,0.09609519,-0.09609518945217133
0.0,0.010377545,-0.010377544909715652
0.0,-0.0027784025,0.002778402529656887
0.011,0.0029433344,0.008056665597483515
0.0,-0.013386536,0.01338653638958931
0.0,-0.025245061,0.02524506114423275
0.068,0.03651644,0.031483560830354695
0.0,-0.012539633,0.012539632618427277
0.0,-0.084343076,0.0843430757522583
0.0,-0.04222006,0.04222005978226662
0.0,0.18123075,-0.18123075366020203
0.153,0.21157368,-0.05857367527484894
0.156,0.5548597,-0.3988596978187561
0.0,-0.016787602,0.01678760163486004
0.406,0.47592354,-0.06992353820800778
0.0,0.07346984,-0.07346983999013901
29.67,26.03445,3.6355494689941423
0.0,0.0711739,-0.07117389887571335
0.0,-0.024132533,0.024132532998919487
2.206,1.7165531,0.4894469079971313
0.993,0.66381365,0.32918634939193725
0.0,-0.005417667,0.0054176668636500835
0.0,1.0421699,-1.0421699285507202
0.0,0.0052316273,-0.0052316272631287575
0.0,-0.015331436,0.015331435948610306
0.0,0.05112649,-0.05112649127840996
0.0,-0.00440881,0.004408809822052717
0.0,-0.045527384,0.045527383685112
0.0,0.04133065,-0.04133065044879913
0.0,0.0029557615,-0.002955761505290866
0.0,0.055064764,-0.055064763873815536
0.0,0.14464466,-0.14464466273784637
0.0,-0.031760193,0.03176019340753555
0.0,-0.019455478,0.019455477595329285
0.765,1.6515542,-0.8865542268753052
0.0,0.0048210314,-0.004821031354367733
0.0,-0.05385235,0.053852349519729614
0.691,1.5745327,-0.8835327472686768
0.0,-0.20193747,0.2019374668598175
0.0,0.09609519,-0.09609518945217133
0.0,-0.024132533,0.024132532998919487
0.0,-0.015412207,0.015412206761538982
0.263,0.3738026,-0.11080260229110717
0.239,0.16885754,0.07014245533943175
0.036,0.26868272,-0.23268271827697753
1.937,1.4955242,0.4414758319854737
0.0,-0.04575193,0.04575192928314209
0.0,0.0072711403,-0.007271140348166227
0.0,0.27602798,-0.27602797746658325
0.153,0.001964975,0.15103502508439123
0.788,1.3683927,-0.5803927059173584
0.0,-0.05016218,0.0501621812582016
0.0,-0.018383222,0.018383221700787544
0.0,-0.0042303232,0.004230323247611523
0.0,-0.005694984,0.005694983992725611
1.114,0.5435851,0.5704148783683778
0.0,-0.020810222,0.020810222253203392
0.0,-0.0145724565,0.01457245647907257
0.0,-0.02070571,0.020705709233880043
0.0,0.055064764,-0.055064763873815536
0.0,-0.050835285,0.05083528533577919
0.216,0.14990498,0.06609501874446869
0.274,0.32655692,-0.052556921005249
0.087,0.17544706,-0.08844706165790558
0.0,-0.021642921,0.02164292149245739
0.015,0.068273805,-0.05327380508184433
0.0,-0.01714756,0.01714755967259407
0.0,-0.015362025,0.015362025238573551
3.086,2.292327,0.7936730728149413
20.194,18.216478,1.9775216522216787
10.335,9.576507,0.7584933853149423
0.0,-0.05385235,0.053852349519729614
0.0,-0.026399497,0.02639949694275856
4.205,3.0288565,1.1761434841156007
1.491,0.7115708,0.7794292006492616
0.578,0.87922937,-0.30122936677932743
0.0,-0.006665492,0.0066654919646680355
0.0,0.014441131,-0.014441130682826042
0.0,-0.0141068585,0.014106858521699905
0.0,-0.048094552,0.048094552010297775
0.0,0.36140808,-0.3614080846309662
0.0,0.0024839237,-0.002483923686668277
0.0,0.35221812,-0.3522181212902069
0.0,0.054323982,-0.05432398244738579
0.0,-0.052195102,0.05219510197639465
0.0,-0.026399497,0.02639949694275856
0.241,0.41383773,-0.172837730884552
0.244,0.26186156,-0.01786156272888184
0.0,-0.006665492,0.0066654919646680355
0.0,-0.023799736,0.02379973605275154
0.0,0.08765929,-0.08765929192304611
0.0,0.018279273,-0.018279273062944412
0.0,0.029428525,-0.029428524896502495
3.05,2.7707705,0.2792294502258299
0.0,0.05816974,-0.05816974118351936
0.0,-0.005487225,0.005487225018441677
1.39,1.0156143,0.3743857288360595
0.0,-0.013619173,0.01361917331814766
0.0,0.00635534,-0.006355340126901865
0.161,0.32338738,-0.16238738441467285
0.0,-0.00024574168,0.00024574168492108583
0.312,0.31004587,0.0019541318416595455
0.0,-0.010619465,0.01061946526169777
0.0,-0.027353406,0.027353405952453613
0.0,-0.0039503495,0.003950349520891905
0.0,0.18435965,-0.18435965478420258
0.0,-0.015362025,0.015362025238573551
0.0,-0.010619465,0.01061946526169777
0.0,-0.046306584,0.046306584030389786
0.0,0.0072711403,-0.007271140348166227
0.0,-0.04296417,0.04296417161822319
0.0,0.0023936795,-0.0023936794605106115
0.0,0.06286119,-0.06286118924617767
0.0,-0.009298513,0.00929851271212101
0.771,1.1119121,-0.34091213130950926
0.0,-0.03409705,0.03409704938530922
0.0,-0.020451706,0.020451705902814865
0.0,-0.049667425,0.04966742545366287
0.0,-0.011704591,0.011704591102898121
0.0,0.027529186,-0.027529185637831688
0.0,-0.020932952,0.02093295194208622
0.778,0.6514816,0.12651837158203127
0.0,-0.026465407,0.026465406641364098
0.0,-0.036054682,0.03605468198657036
0.804,1.2456459,-0.44164588069915767
0.0,0.11119793,-0.11119793355464935
0.0,-0.011704591,0.011704591102898121
0.0,0.19061549,-0.1906154900789261
0.0,-0.013743175,0.013743175193667412
0.0,0.0037353057,-0.003735305741429329
0.0,0.10936564,-0.10936564207077026
0.0,0.055150677,-0.055150676518678665
0.152,0.71694833,-0.5649483304023742
0.0,-0.00945376,0.009453760460019112
0.221,0.7526388,-0.5316388168334961
0.0,0.02659818,-0.02659817971289158
0.0,-0.036330797,0.03633079677820206
0.024,0.046894953,-0.02289495265483856
0.0,-0.011692892,0.011692891828715801
0.0,-0.06692224,0.06692223995923996
3.337,3.5382352,-0.2012351875305174
0.0,-0.059485156,0.05948515608906746
0.0,-0.01554514,0.015545140020549297
0.0,0.18155017,-0.18155017495155334
0.0,0.1519683,-0.15196830034255981
0.156,0.25104406,-0.09504406476020813
0.0,-0.08791449,0.08791448920965195
0.0,0.03933083,-0.03933082893490791
0.0,0.0024839237,-0.002483923686668277
0.0,-0.02201362,0.022013619542121887
0.0,0.15330496,-0.15330496430397034
0.0,-0.044574726,0.04457472637295723
0.0,-0.015271791,0.015271791256964207
0.0,0.001964657,-0.001964657101780176
0.0,0.0051120305,-0.005112030543386936
0.0,-0.0016042583,0.0016042583156377077
0.0,-0.015989134,0.015989134088158607
0.0,0.012191365,-0.012191364541649818
0.0,0.006673299,-0.00667329877614975
0.0,-0.0059299557,0.005929955746978521
2.239,1.6743853,0.5646146907806395
0.0,-0.0164317,0.016431700438261032
0.0,-0.0030544626,0.003054462606087327
0.0,0.0023936795,-0.0023936794605106115
0.0,-0.020815391,0.020815391093492508
0.0,0.023202246,-0.02320224605500698
0.0,0.04074039,-0.04074038937687874
0.002,0.062421847,-0.060421847134828566
0.0,0.0052316273,-0.0052316272631287575
0.0,0.24589309,-0.24589309096336365
0.0,-0.009619373,0.009619372896850109
25.082,22.908178,2.1738216705322273
0.0,0.25456515,-0.25456514954566956
0.097,-0.122903995,0.2199039952158928
0.0,0.052402645,-0.052402645349502563
0.0,-0.0072268657,0.007226865738630295
0.0,-0.0031420859,0.0031420858576893806
0.0,-0.24106003,0.2410600334405899
0.0,-0.00440881,0.004408809822052717
0.0,0.02232649,-0.02232648991048336
0.076,0.11062161,-0.034621608793735506
0.013,0.044507354,-0.03150735449790955
0.0,0.19262658,-0.19262658059597015
0.534,0.44939226,0.08460774087905887
0.0,0.00047955697,-0.0004795569693669677
0.0,-0.030218542,0.030218541622161865
0.802,0.9177654,-0.11576537895202632
0.0,-0.0043302593,0.004330259282141924
0.0,0.012323556,-0.012323555536568165
0.0,0.010281952,-0.01028195209801197
0.0,-0.04572151,0.04572150856256485
0.0,-0.016704408,0.016704408451914787
0.0,-0.01632946,0.016329459846019745
0.0,0.009704253,-0.00970425270497799
9.277,7.09297,2.1840301055908196
0.0,-0.12083613,0.12083613127470016
0.0,0.014111933,-0.014111933298408985
0.0,-0.021642921,0.02164292149245739
0.062,0.12828304,-0.06628303873538971
0.0,0.020383537,-0.02038353681564331
4.012,3.0974333,0.9145666713714595
0.0,0.022777203,-0.02277720347046852
0.0,0.20512462,-0.2051246166229248
0.0,-0.021189645,0.021189644932746887
0.0,-0.021553326,0.02155332639813423
0.0,-0.0038579078,0.0038579078391194344
0.0,-0.0036144045,0.003614404471591115
0.0,-0.014463797,0.014463797211647034
0.0,-0.03092538,0.030925380066037178
0.0,-0.0127230575,0.01272305753082037
0.0,0.02014707,-0.020147070288658142
0.0,-0.6424597,0.6424596905708313
0.0,-0.020344106,0.02034410648047924
0.0,0.0112846065,-0.011284606531262398
0.0,0.02232649,-0.02232648991048336
0.084,0.13491365,-0.05091365313529968
0.0,-0.010384377,0.010384377092123032
0.0,0.0037353057,-0.003735305741429329
0.0,-0.015704004,0.01570400409400463
0.0,0.0027573633,-0.0027573632542043924
0.0,-0.015514731,0.015514731407165527
0.204,0.3231303,-0.1191303095817566
0.0,-0.032585654,0.03258565440773964
0.0,-0.0047678067,0.004767806734889746
0.0,0.039734457,-0.039734456688165665
0.0,0.053181462,-0.05318146198987961
0.007,0.018557925,-0.011557924777269364
0.0,-0.0030271672,0.003027167171239853
0.223,0.7070976,-0.48409758996963503
0.0,-0.022955304,0.022955304011702538
0.0,-0.007305224,0.00730522396042943
0.0,0.0983594,-0.09835939854383469
0.037,0.1257419,-0.08874189901351928
0.437,0.5912188,-0.15421882915496826
1.147,0.7666346,0.38036541652679445
0.0,-0.04296417,0.04296417161822319
0.0,0.07081022,-0.0708102211356163
0.0,0.0072922558,-0.007292255759239197
16.01,11.937274,4.07272602081299
0.0,-0.051257458,0.051257457584142685
0.116,-0.009228179,0.12522817923128604
0.0,-0.016356213,0.01635621301829815
0.04,-0.07546667,0.11546667009592057
0.0,0.05099668,-0.050996679812669754
0.471,0.30486736,0.16613264298439023
0.0,-0.010384377,0.010384377092123032
13.209,12.470595,0.7384046401977535
18.527,17.188564,1.3384356994628916
3.583,2.8377068,0.7452931957244875
0.113,0.3681517,-0.2551516945362091
0.0,-0.014430656,0.014430656097829342
0.305,0.2722604,0.032739602327346795
0.0,0.0048210314,-0.004821031354367733
0.0,0.001706873,-0.0017068729503080249
0.3,0.4532943,-0.1532943069934845
0.279,0.3852632,-0.10626320457458494
0.0,-0.022258176,0.022258175536990166
0.0,0.028994344,-0.028994344174861908
0.0,0.00635534,-0.006355340126901865
0.132,0.13099432,0.0010056800842285218
0.0,-0.011704591,0.011704591102898121
0.0,0.03996157,-0.039961569011211395
0.0,-0.04644832,0.046448320150375366
0.0,-0.0145724565,0.01457245647907257
1.429,1.4276015,0.001398543357849169
0.006,0.024337202,-0.018337202310562135
0.0,0.0027966744,-0.0027966743800789118
0.0,0.0022145766,-0.002214576583355665
0.0,-0.00440881,0.004408809822052717
0.0,-0.015174255,0.015174254775047302
0.0,-0.017877594,0.017877593636512756
8.804,8.467009,0.3369914093017581
0.203,0.22904107,-0.026041069746017442
0.106,0.00024330872,0.10575669127888977
3.479,3.1103098,0.36869016075134287
0.0,-0.0966054,0.09660539776086807
4.472,3.864008,0.6079920501708989
0.0,0.0022055514,-0.0022055513691157103
0.0,-0.023799736,0.02379973605275154
0.0,-0.0047678067,0.004767806734889746
0.0,0.060937915,-0.06093791499733925
0.0,-0.019455478,0.019455477595329285
0.0,0.013748244,-0.013748244382441044
0.0,-0.0145724565,0.01457245647907257
0.0,-0.029085865,0.02908586524426937
0.783,0.8028783,-0.01987832021713254
8.561,9.067171,-0.5061710968017579
0.0,-0.050835285,0.05083528533577919
0.0,-0.03409705,0.03409704938530922
0.0,-0.046992972,0.04699297249317169
0.0,0.11119793,-0.11119793355464935
0.0,6.919308e-05,-6.91930836183019e-05
0.0,-0.014270336,0.014270336367189884
0.222,0.6063101,-0.38431012916564944
0.0,0.22476006,-0.2247600555419922
0.0,-0.028214602,0.028214601799845695
0.0,-0.00055774703,0.0005577470292337239
0.0,0.08433281,-0.08433280885219574
0.046,0.07470803,-0.02870802962779999
0.393,0.4559692,-0.06296921443939207
0.0,0.34213287,-0.3421328663825989
0.007,0.06566405,-0.05866405296325684
0.0,0.11180199,-0.11180198937654495
0.0,-0.09712235,0.09712234884500504
0.0,0.0048210314,-0.004821031354367733
0.47,0.5202265,-0.05022647857666018
0.0,0.052730348,-0.05273034796118736
0.0,0.028257826,-0.02825782634317875
0.0,-0.06119032,0.06119031831622124
0.0,-0.03735053,0.03735053166747093
0.0,0.0033481806,-0.0033481805585324764
0.0,-0.006514579,0.0065145790576934814
0.0,-0.01833209,0.018332090228796005
25.374,23.591745,1.7822546234130847
0.0,0.06322488,-0.06322488188743591
0.0,0.5791045,-0.579104483127594
9.746,9.139108,0.6068922958374028
0.0,0.09299915,-0.09299915283918381
0.0,-0.011704591,0.011704591102898121
0.396,0.4150263,-0.019026307106018048
0.158,0.58153963,-0.42353963088989255
0.0,-0.016068015,0.01606801524758339
0.0,-0.00440881,0.004408809822052717
0.0,0.001964657,-0.001964657101780176
0.0,0.004527277,-0.00452727684751153
0.0,-0.03194036,0.031940359622240067
0.0,-0.06637054,0.06637053936719894
0.0,-0.035104558,0.03510455787181854
0.0,0.18610238,-0.18610237538814545
0.0,0.042231854,-0.04223185405135155
0.0,-0.010230588,0.010230587795376778
0.0,0.07310616,-0.07310616225004196
0.0,-0.017877594,0.017877593636512756
0.676,0.7678065,-0.09180647039413448
0.0,0.00025617023,-0.00025617022765800357
0.0,0.047093842,-0.047093842178583145
0.0,0.003820166,-0.003820165991783142
1.416,0.89709574,0.5189042601585387
0.0,-0.009826487,0.009826486930251122
0.0,0.46468428,-0.46468427777290344
0.0,-0.112513036,0.11251303553581238
0.0,0.001706873,-0.0017068729503080249
0.0,-0.013386536,0.01338653638958931
0.0,-0.029462447,0.02946244738996029
0.0,0.027182555,-0.027182554826140404
0.078,-0.4374491,0.5154490976333618
0.0,-0.007367384,0.0073673841543495655
0.0,-0.0066786595,0.0066786594688892365
0.0,-0.014310165,0.01431016530841589
0.0,0.04065293,-0.04065293073654175
1.038,1.1624105,-0.12441049766540524
0.015,0.052384038,-0.03738403752446175
0.0,-0.012687489,0.01268748939037323
0.0,-0.055172544,0.05517254397273064
0.0,0.0018631974,-0.001863197423517704
0.0,-0.01632946,0.016329459846019745
0.0,-0.047021385,0.04702138528227806
0.0,-0.0056445524,0.005644552409648895
0.0,-0.073765166,0.07376516610383987
0.0,0.007007454,-0.007007454056292772
0.592,0.93488127,-0.34288126993179324
0.0,0.020383537,-0.02038353681564331
0.0,0.0030442032,-0.003044203156605363
0.0,0.00184919,-0.0018491899827495217
0.0,0.103902005,-0.10390200465917587
0.0,-0.007367384,0.0073673841543495655
0.0,0.05991528,-0.05991528183221817
0.0,-0.032768354,0.03276835381984711
0.0,-0.025245061,0.02524506114423275
0.098,0.5314519,-0.43345188093185427
0.0,0.006037151,-0.006037150975316763
0.091,0.12380291,-0.032802907764911654
0.16,0.7723961,-0.6123960876464843
0.0,0.12616578,-0.12616577744483948
0.018,0.26061097,-0.242610967874527
0.136,0.20940052,-0.07340051972866057
0.48,0.6412081,-0.16120811223983766
0.0,-0.026465407,0.026465406641364098
0.0,0.008048285,-0.00804828479886055
0.0,0.06322488,-0.06322488188743591
0.0,0.056153875,-0.05615387484431267
0.145,0.28867406,-0.1436740565299988
1.97,1.6130507,0.3569493007659912
0.0,0.059842125,-0.059842124581336975
0.0,0.29476956,-0.2947695553302765
1.603,2.8117063,-1.208706304550171
0.0,-0.018735752,0.018735751509666443
0.0,-0.009289998,0.0092899976298213
0.284,0.33185822,-0.047858217716217066
0.12,-0.12960684,0.24960684299468994
0.0,-0.018695774,0.0186957735568285
0.0,-0.1149857,0.11498569697141647
0.0,-0.015362025,0.015362025238573551
0.0,-0.015695121,0.01569512113928795
1.018,0.87774014,0.14025985527038576
0.0,0.09299915,-0.09299915283918381
0.19,0.092900574,0.0970994257926941
6.532,6.4836316,0.0483683891296387
19.461,21.248518,-1.7875179901123062
0.0,0.03278337,-0.03278337046504021
0.0,-0.020344106,0.02034410648047924
0.0,0.018637007,-0.018637007102370262
2.923,2.904578,0.0184220294952393
0.0,-0.019994283,0.019994283095002174
0.0,0.16386294,-0.163862943649292
28.105,24.02809,4.076910476684571
0.0,0.004143512,-0.00414351187646389
0.0,-0.035797875,0.03579787537455559
0.0,-0.0042303232,0.004230323247611523
0.0,-0.01186802,0.011868019588291645
0.287,0.16911757,0.1178824300765991
0.0,-0.020446537,0.02044653706252575
0.0,0.08135692,-0.08135692030191422
0.0,0.0037353057,-0.003735305741429329
0.0,-0.016141195,0.016141194850206375
0.0,-0.015704004,0.01570400409400463
0.0,0.0051120305,-0.005112030543386936
0.0,0.012323556,-0.012323555536568165
0.0,0.0853197,-0.08531969785690308
0.0,-0.0014749009,0.001474900869652629
1.06,0.76749927,0.2925007319450379
0.0,0.08392901,-0.08392900973558426
0.0,-0.0015811563,0.0015811562770977616
0.0,-0.03358723,0.03358722850680351
0.0,0.02062023,-0.020620230585336685
2.376,2.4426136,-0.06661360168457042
0.0,-0.017877594,0.017877593636512756
0.0,-0.022258176,0.022258175536990166
0.0,0.0033481806,-0.0033481805585324764
0.0,0.064709485,-0.06470948457717896
0.011,0.015632719,-0.004632718801498414
0.0,0.046549577,-0.04654957726597786
0.354,0.26889732,0.08510267519950865
0.0,-0.0014749009,0.001474900869652629
0.392,0.21499777,0.1770022315979004
1.236,-2.6391468,3.87514680480957
0.0,0.016815772,-0.016815772280097008
0.494,0.8059591,-0.3119591054916382
2.615,1.153451,1.4615490341186526
0.0,-0.00568019,0.005680189933627844
0.0,-0.08791449,0.08791448920965195
0.0,-0.0071516964,0.007151696365326643
0.0,-0.043693416,0.0436934158205986
0.498,0.56688,-0.0688799877166748
0.0,0.046973094,-0.0469730943441391
2.778,2.703678,0.0743221073150635
0.0,0.0032527922,-0.0032527921721339226
0.0,0.06609356,-0.0660935565829277
0.036,0.0954435,-0.059443502068519595
0.0,-0.01714756,0.01714755967259407
6.233,5.8028836,0.4301163749694821
0.0,0.0603388,-0.06033879891037941
0.0,-0.0066410108,0.006641010753810406
0.0,-0.035104558,0.03510455787181854
0.0,-0.03708444,0.037084441632032394
0.0,0.050608948,-0.05060894787311554
0.047,0.10340397,-0.0564039705991745
0.0,-0.007640844,0.007640844210982323
0.101,0.011599644,0.089400355912745
0.025,-0.021376986,0.04637698605656624
0.0,0.046862666,-0.04686266556382179
0.127,0.084239356,0.04276064378023148
0.0,-0.06678323,0.06678322702646255
0.0,0.023374371,-0.023374371230602264
4.885,4.411992,0.47300792694091776
0.0,0.09143794,-0.0914379432797432
0.062,0.09271942,-0.030719420790672303
0.0,-0.0093958145,0.009395814500749111
0.0,-0.008635835,0.00863583479076624
0.0,-0.007305224,0.00730522396042943
0.0,0.02232649,-0.02232648991048336
0.0,0.022395894,-0.022395893931388855
0.0,-0.01193064,0.01193063985556364
2.683,2.6551845,0.027815492630004712
0.0,0.00029232388,-0.0002923238789662719
0.0,0.1834975,-0.18349750339984894
0.0,-0.024132533,0.024132532998919487
0.0,0.0032827654,-0.00328276539221406
0.0,-0.12144125,0.12144125252962112
0.0,-0.011278731,0.011278730817139149
0.0,0.0024376458,-0.0024376458022743464
0.0,0.026343755,-0.026343755424022675
0.605,0.93928665,-0.33428664922714235
0.0,-0.0760575,0.07605750113725662
0.0,0.055064764,-0.055064763873815536
0.0,0.00025617023,-0.00025617022765800357
0.0,-0.015878417,0.01587841659784317
0.069,0.006380205,0.06261979495733977
0.0,-0.032898635,0.03289863467216492
0.0,-0.02070571,0.020705709233880043
0.0,0.055428457,-0.055428456515073776
0.0,-0.03409705,0.03409704938530922
0.312,0.6550441,-0.3430440788269043
0.0,0.26820394,-0.2682039439678192
0.0,0.03921996,-0.03921996057033539
0.32,0.9278646,-0.6078646111488342
0.0,0.0030442032,-0.003044203156605363
0.0,-0.030041192,0.03004119172692299
0.0,-0.0042303232,0.004230323247611523
0.0,0.0006560086,-0.0006560086039826274
0.0,0.029792206,-0.02979220636188984
0.0,-0.5814909,0.5814908742904663
0.0,-0.013386536,0.01338653638958931
765.836,760.6124,5.223573242187513
0.9,0.88131475,0.018685245513916038
0.064,0.112186685,-0.04818668520450592
0.0,0.09645888,-0.09645888209342957
0.032,0.21839876,-0.18639876472949982
0.0,-0.01667056,0.016670560464262962
0.0,-0.01692068,0.016920680180191994
0.029,0.088615164,-0.05961516416072846
0.735,0.80942446,-0.07442445993423463
0.213,0.0889301,0.12406989979743957
0.0,0.2176437,-0.21764369308948517
0.0,-0.17350774,0.17350773513317108
0.0,-0.029708236,0.02970823645591736
0.0,-0.046502095,0.046502094715833664
0.0,-0.24426578,0.24426577985286713
0.0,-0.0004953291,0.0004953290917910635
0.0,0.0022145766,-0.002214576583355665
0.0,-0.016356213,0.01635621301829815
0.0,-0.015412207,0.015412206761538982
0.0,0.02694749,-0.026947490870952606
0.0,0.050912455,-0.05091245472431183
0.0,-0.009802722,0.009802722372114658
0.0,0.00635534,-0.006355340126901865
0.0,-0.0038579078,0.0038579078391194344
0.0,0.027182555,-0.027182554826140404
12.626,13.217968,-0.5919679870605474
0.0,-0.012588997,0.01258899737149477
0.0,0.34829217,-0.34829217195510864
0.0,0.035180375,-0.03518037497997284
0.112,0.32924682,-0.21724681901931764
0.037,-0.060180865,0.09718086522817612
0.0,0.42123425,-0.42123425006866455
0.0,-0.015437394,0.015437394380569458
0.0,-0.0042303232,0.004230323247611523
0.0,-0.0060586617,0.006058661732822657
0.0,-0.05385235,0.053852349519729614
0.615,0.58915675,0.025843253135681143
0.0,0.00184919,-0.0018491899827495217
0.0,-0.02007365,0.020073650404810905
0.0,-0.0113528315,0.01135283149778843
1.704,1.837735,-0.13373505687713627
0.167,0.14867698,0.018323023438453684
0.0,0.0052316273,-0.0052316272631287575
0.0,-0.034617398,0.03461739793419838
0.0,-0.021642921,0.02164292149245739
0.0,-0.13679028,0.13679027557373047
0.071,0.103910364,-0.03291036421060563
0.0,-0.005158606,0.005158605985343456
0.0,0.0014997222,-0.001499722246080637
0.0,-0.0026907788,0.002690778812393546
18.382,16.152536,2.2294636077880874
0.0,0.048544332,-0.04854433238506317
0.0,-0.018023465,0.01802346482872963
0.0,-0.014427128,0.014427128247916698
0.965,0.48914236,0.4758576416969299
0.004,0.05520469,-0.05120468950271606
0.0,-0.007884459,0.007884458638727665
0.0,0.0036227242,-0.0036227242089807987
0.0,-0.0062725106,0.006272510625422001
1.485,1.1184591,0.3665408945083619
0.0,0.13367392,-0.13367392122745514
0.0,0.050766163,-0.05076616257429123
0.328,0.2282548,0.09974520492553712
0.0,0.50993687,-0.5099368691444397
0.003,0.44595608,-0.4429560811519623
0.0,0.0072711403,-0.007271140348166227
0.164,0.27226433,-0.10826433157920837
0.0,0.02862151,-0.028621509671211243
0.695,0.6857827,0.009217329025268506
0.0,0.014537608,-0.014537608250975609
0.0,-0.0117719835,0.011771983467042446
1.341,1.2163236,0.12467638587951657
0.0,-0.0032507223,0.0032507223077118397
0.0,0.14686859,-0.14686858654022217
0.054,0.09472214,-0.04072213685512543
0.0,0.0017066457,-0.0017066457075998187
819.965,772.77045,47.19455322265628
0.0,0.46936294,-0.46936294436454773
0.0,-0.007594124,0.00759412394836545
0.0,-0.05385235,0.053852349519729614
0.0,-0.013446649,0.013446648605167866
0.171,0.41191334,-0.24091333532333373
6.046,4.917985,1.1280150375366214
0.737,0.9154122,-0.17841218757629396
0.0,-0.034322515,0.03432251513004303
0.488,0.56878734,-0.08078733634948732
2.015,1.9593217,0.05567826271057141
0.0,-0.017152023,0.017152022570371628
0.0,-0.09651549,0.09651549160480499
0.0,0.31530145,-0.31530144810676575
0.0,-0.007520777,0.007520777173340321
0.0,-0.05385235,0.053852349519729614
0.063,0.0959442,-0.032944203436374664
0.0,0.11779299,-0.11779298633337021
0.1,0.036592916,0.06340708434581757
0.0,-0.013129653,0.01312965340912342
0.0,0.1832902,-0.18329019844532013
0.0,0.16160312,-0.16160312294960022
0.0,0.059842125,-0.059842124581336975
0.0,-0.020154761,0.020154761150479317
0.465,0.64960456,-0.18460455894470212
1.526,1.2388691,0.2871309289932251
0.0,-0.014310165,0.01431016530841589
0.0,0.1170018,-0.11700180172920227
0.0,-0.017423918,0.01742391847074032
0.098,0.3671202,-0.2691202063560486
0.0,0.0108587565,-0.010858756490051746
0.0,0.1088195,-0.10881949961185455
0.0,-0.021553326,0.02155332639813423
0.0,-0.038152024,0.038152024149894714
0.0,0.05991528,-0.05991528183221817
0.0,0.028257826,-0.02825782634317875
0.0,0.022395894,-0.022395893931388855
0.0,-0.005396478,0.0053964778780937195
0.0,0.39689055,-0.3968905508518219
0.0,-0.10601775,0.10601775348186493
0.0,-0.12212296,0.12212295830249786
0.0,0.0009886973,-0.0009886972839012742
0.0,0.07081022,-0.0708102211356163
0.094,0.05871466,0.03528533825278282
0.0,-0.024132533,0.024132532998919487
0.029,-0.025049273,0.054049272924661634
0.0,-0.011375103,0.011375103145837784
0.0,-0.030436192,0.030436191707849503
0.0,-0.00013249819,0.00013249818584881723
0.0,-0.008772734,0.008772733621299267
0.0,0.0032827654,-0.00328276539221406
0.182,0.13599364,0.046006355404853816
0.0,-0.0035561617,0.003556161653250456
2.382,2.1081333,0.27386668395996105
0.0,0.23326297,-0.23326297104358673
0.0,0.29647154,-0.2964715361595154
0.0,-0.013619173,0.01361917331814766
0.0,-0.003494226,0.0034942259080708027
0.0,-0.014310165,0.01431016530841589
0.0,-0.008062871,0.008062871173024178
0.0,-0.03330174,0.033301740884780884
0.432,0.40941,0.022590000152587886
0.012,0.050087586,-0.0380875860452652
0.0,-0.0060586617,0.006058661732822657
0.0,0.0022512856,-0.002251285593956709
2.65,3.290593,-0.640592908859253
0.0,0.010377545,-0.010377544909715652
0.0,0.055790182,-0.05579018220305443
0.0,-0.0006020165,0.000602016516495496
34.374,35.441963,-1.067963195800779
0.0,-0.0059299557,0.005929955746978521
0.0,-0.017289896,0.017289895564317703
0.0,0.33701843,-0.3370184302330017
0.0,-0.022311756,0.022311756387352943
0.0,0.036582097,-0.0365820974111557
0.065,0.04961336,0.015386639684438708
2.291,1.7789251,0.5120749387741088
0.0,0.003820166,-0.003820165991783142
8.248,7.344658,0.9033421020507806
0.113,-0.036491066,0.14949106621742247
0.0,-0.017423918,0.01742391847074032
0.018,-0.013444713,0.03144471331685782
0.0,-0.0724031,0.07240310311317444
0.17,0.32573533,-0.15573533058166503
0.0,0.0011763761,-0.0011763761285692453
0.018,0.23585032,-0.2178503192663193
0.0,-0.006665492,0.0066654919646680355
0.369,0.39407414,-0.025074141979217535
0.175,0.61087716,-0.4358771562576294
0.0,-0.019980421,0.019980421289801598
0.0,-0.007555958,0.00755595788359642
0.0,0.06298568,-0.06298568099737167
0.032,0.28940305,-0.25740305113792417
0.0,-0.01193064,0.01193063985556364
0.0,0.40328756,-0.4032875597476959
0.0,-0.00036078395,0.00036078394623473287
0.0,-0.023812674,0.0238126739859581
0.0,0.09299915,-0.09299915283918381
0.0,-0.08401751,0.08401750773191452
0.0,0.16968933,-0.1696893274784088
0.124,0.5148777,-0.39087767696380615
4.002,2.8889687,1.1130312938690183
0.174,0.8305748,-0.6565748105049134
0.0,0.012323556,-0.012323555536568165
0.0,-0.006948684,0.006948683876544237
0.0,-0.1687267,0.16872669756412506
0.0,-0.04493841,0.04493841156363487
0.396,0.28892148,0.10707852458953859
0.0,0.0018631974,-0.001863197423517704
0.0,-0.03197647,0.03197646886110306
0.0,-0.018139781,0.018139781430363655
0.0,0.29259542,-0.29259541630744934
0.0,0.06504806,-0.06504806131124496
0.0,0.0048210314,-0.004821031354367733
0.0,-0.011704591,0.011704591102898121
0.0,-0.008736897,0.008736897259950638
11.081,11.472717,-0.3917172851562505
0.0,-0.0007456335,0.0007456335006281734
0.0,0.005427368,-0.005427367985248566
0.0,-0.21176848,0.2117684781551361
0.0,-0.012903318,0.01290331780910492
0.0,0.014537608,-0.014537608250975609
0.0,0.05112649,-0.05112649127840996
0.0,-0.00036078395,0.00036078394623473287
0.0,-0.0006020165,0.000602016516495496
0.0,0.042595547,-0.04259554669260979
0.0,-0.030276615,0.030276615172624588
0.0,-0.023106772,0.02310677245259285
0.218,0.25577503,-0.03777503442764282
1.287,1.1149052,0.17209476184844963
0.0,-0.009136419,0.00913641881197691
0.0,0.03254762,-0.03254761919379234
0.363,0.26539734,0.0976026599407196
0.0,0.14239322,-0.14239321649074554
0.0,0.031727377,-0.0317273773252964
0.0,-0.011291867,0.0112918671220541
6.988,6.7014384,0.2865615730285649
0.0,-0.04979849,0.04979848861694336
0.0,-0.027836664,0.027836663648486137
2.645,3.2612827,-0.6162826824188232
0.929,0.79790473,0.1310952701568604
0.0,0.042595547,-0.04259554669260979
0.0,-0.008407722,0.008407722227275372
2.818,2.937954,-0.11995394897460931
0.0,0.0030216083,-0.0030216083396226168
5.331,4.5407605,0.7902394828796391
0.0,-0.016356213,0.01635621301829815
0.0,0.22990875,-0.229908749461174
0.0,0.09500783,-0.09500782936811447
0.0,0.04678388,-0.04678387939929962
0.0,-0.0038498442,0.00384984421543777
0.0,0.04534275,-0.04534275084733963
0.0,0.0022145766,-0.002214576583355665
0.0,0.0093839625,-0.009383962489664555
0.0,0.08006615,-0.08006615191698074
0.0,-0.0060619796,0.006061979569494724
0.0,-0.01417626,0.014176259748637676
0.0,-0.005781351,0.005781351123005152
0.073,0.35716173,-0.2841617305278778
0.003,0.24666499,-0.24366498601436615
0.0,0.067979336,-0.06797933578491211
0.0,-0.08791449,0.08791448920965195
1.162,1.4098576,-0.24785763072967537
0.0,-0.0014689841,0.001468984060920775
0.098,0.052559208,0.04544079187512398
0.0,-0.008407722,0.008407722227275372
0.105,0.075455,0.029544997513294216
0.0,-0.016969046,0.016969045624136925
0.0,-0.016857054,0.016857054084539413
0.168,0.29509294,-0.12709294033050536
0.269,0.10568819,0.16331180804967882
0.0,-0.014270336,0.014270336367189884
0.0,0.09299915,-0.09299915283918381
0.0,-0.06637054,0.06637053936719894
0.0,-0.0043302593,0.004330259282141924
0.0,0.060612343,-0.06061234325170517
0.0,-0.019455478,0.019455477595329285
0.0,-0.0030271672,0.003027167171239853
0.0,0.059842125,-0.059842124581336975
0.0,-0.005293474,0.005293474067002535
0.0,0.0024839237,-0.002483923686668277
0.0,-0.0038498442,0.00384984421543777
0.0,-0.12040507,0.12040507048368454
1.275,1.0851545,0.18984546661376944
0.0,0.02232649,-0.02232648991048336
1.539,1.1164541,0.42254587554931633
0.0,0.06557957,-0.06557957082986832
0.0,-0.032768354,0.03276835381984711
0.541,1.0037676,-0.4627676095962524
0.0,-0.011282679,0.011282678693532944
0.0,-0.28730318,0.2873031795024872
0.0,-0.01605855,0.016058549284934998
0.0,0.0014997222,-0.001499722246080637
0.0,0.025135709,-0.0251357089728117
1.644,1.7265104,-0.0825104055404664
0.0,0.0017066457,-0.0017066457075998187
0.0,0.05545611,-0.05545610934495926
1.72,1.903818,-0.18381801128387454
0.0,-0.05016218,0.0501621812582016
0.28,0.26676643,0.013233571052551296
0.0,-0.0066410108,0.006641010753810406
0.0,0.12652946,-0.12652945518493652
0.0,-0.02967751,0.029677510261535645
0.0,0.2176437,-0.21764369308948517
0.0,-0.003919845,0.0039198449812829494
0.2,0.30906084,-0.10906084179878234
0.0,-0.006301807,0.006301806773990393
0.0,-0.006665492,0.0066654919646680355
0.0,-0.009136419,0.00913641881197691
0.0,0.0022055514,-0.0022055513691157103
0.0,-0.01074806,0.010748060420155525
0.058,0.40570748,-0.3477074785232544
0.0,-0.08755081,0.0875508114695549
0.0,-0.00017296473,0.0001729647337924689
0.0,-0.06637054,0.06637053936719894
0.0,-0.018722752,0.01872275210916996
1.085,0.86254036,0.22245963573455807
0.0,0.07310616,-0.07310616225004196
0.024,0.096631005,-0.0726310054063797
0.0,-0.012647888,0.01264788769185543
0.0,-0.009817446,0.009817445650696754
0.0,-0.0127230575,0.01272305753082037
0.0,0.10864806,-0.10864806175231934
6.767,5.822555,0.944444934844971
0.0,0.00019104159,-0.00019104158855043352
0.0,0.006252107,-0.006252107210457325
6.221,5.669022,0.5519779167175294
0.0,0.08396913,-0.0839691311120987
0.0,-0.0076866406,0.007686640601605177
0.0,-0.0014749009,0.001474900869652629
0.287,0.13256851,0.15443149161338804
0.0,0.13787255,-0.13787254691123962
0.0,-0.0167238,0.01672380045056343
0.237,0.5739229,-0.336922872543335
0.0,-0.01186802,0.011868019588291645
0.0,-0.005394426,0.005394426174461842
0.0,-0.022591619,0.022591618821024895
0.0,0.1314004,-0.13140040636062622
0.0,-0.0117719835,0.011771983467042446
0.0,-0.050835285,0.05083528533577919
0.0,-0.034617398,0.03461739793419838
0.0,-0.008536471,0.00853647105395794
0.0,-0.0036344107,0.0036344106774777174
1.068,0.9891876,0.07881240177154547
0.505,0.44197372,0.0630262839794159
1.617,1.4353731,0.18162693214416503
0.0,-0.011704591,0.011704591102898121
0.0,-0.01848488,0.018484879285097122
0.0,0.027182555,-0.027182554826140404
6.751,7.268752,-0.5177520980834958
138.965,132.38115,6.583850708007816
0.207,0.32988667,-0.12288667488098146
1.002,0.79449743,0.20750256967544556
0.0,-0.013864002,0.0138640021905303
0.0,-0.015704004,0.01570400409400463
0.0,0.050632995,-0.05063299462199211
0.0,-0.01165555,0.011655550450086594
0.0,0.7137295,-0.7137295007705688
0.0,0.13787255,-0.13787254691123962
0.0,0.027182555,-0.027182554826140404
0.648,0.4812186,0.16678139376640322
0.0,-0.014677264,0.014677263796329498
0.0,0.001342962,-0.0013429620303213596
0.0,-0.019241054,0.019241053611040115
0.0,0.12514073,-0.1251407265663147
0.0,-0.03644726,0.03644726052880287
0.0,-0.006948684,0.006948683876544237
0.0,-0.009817446,0.009817445650696754
0.993,0.97346544,0.01953455734252929
0.027,0.22336337,-0.19636336970329285
0.0,-0.0046020886,0.004602088592946529
0.0,0.79787856,-0.7978785634040833
0.0,-0.001760856,0.0017608560156077147
0.0,0.26638725,-0.2663872539997101
0.0,0.05816974,-0.05816974118351936
0.0,0.0051120305,-0.005112030543386936
0.38,0.50359523,-0.12359523296356201
0.0,-0.0036344107,0.0036344106774777174
0.0,-0.015695121,0.01569512113928795
0.0,-0.016857054,0.016857054084539413
0.0,-0.0004953291,0.0004953290917910635
0.0,0.006097749,-0.006097748875617981
0.0,-0.008407722,0.008407722227275372
0.123,0.05116058,0.07183941859006882
0.0,-0.032898635,0.03289863467216492
0.0,0.664056,-0.6640560030937195
0.0,-0.017785363,0.017785362899303436
0.0,-0.006665492,0.0066654919646680355
0.0,-0.0106133465,0.010613346472382545
0.096,0.43652874,-0.34052874231338504
1.106,1.0217985,0.08420150852203379
0.037,0.19895624,-0.16195623624324798
2.104,1.3740858,0.729914216041565
0.0,-0.00440881,0.004408809822052717
0.0,0.036146652,-0.036146651953458786
1.302,1.1379237,0.16407628250122075
0.0,0.0072922558,-0.007292255759239197
0.0,0.0072922558,-0.007292255759239197
0.0,-0.01848488,0.018484879285097122
0.0,-0.011704591,0.011704591102898121
0.672,1.0705143,-0.39851432132720943
26.124,22.913605,3.2103952636718738
0.0,0.114056416,-0.11405641585588455
0.0,0.0030216083,-0.0030216083396226168
0.007,0.18586981,-0.17886981296539306
0.0,-0.0060835495,0.006083549465984106
0.0,-0.039994948,0.039994947612285614
0.0,-0.014427128,0.014427128247916698
0.0,-0.017785363,0.017785362899303436
0.0,-0.03708444,0.037084441632032394
0.32,0.32940257,-0.009402565956115716
0.0,0.006673299,-0.00667329877614975
0.0,-0.034617398,0.03461739793419838
0.709,0.6785869,0.03041309976577755
0.0,0.010377545,-0.010377544909715652
0.0,0.09609519,-0.09609518945217133
0.0,-0.020344106,0.02034410648047924
0.0,-0.017060233,0.017060233280062675
0.0,-0.009289998,0.0092899976298213
0.0,-0.0038579078,0.0038579078391194344
0.0,-0.03930529,0.03930528834462166
0.0,-0.050835285,0.05083528533577919
0.0,-0.0036144045,0.003614404471591115
0.0,-0.010230588,0.010230587795376778
0.0,-0.015362025,0.015362025238573551
0.018,0.010836071,0.007163928665220736
0.0,0.035152625,-0.0351526252925396
0.0,0.20228606,-0.20228606462478638
0.0,-0.0145724565,0.01457245647907257
0.0,0.09200025,-0.09200025349855423
0.807,0.6679288,0.13907118511199956
15.113,16.841011,-1.7280110473632817
0.0,0.05816974,-0.05816974118351936
0.557,0.6486447,-0.09164468574523921
0.0,-0.006948684,0.006948683876544237
0.0,-0.011704591,0.011704591102898121
0.0,-0.10099487,0.10099487006664276
0.0,-0.013863576,0.013863575644791126
0.022,0.06874228,-0.04674228268861771
0.0,-0.0030271672,0.003027167171239853
0.0,-0.28497583,0.2849758267402649
0.0,-0.009414408,0.00941440835595131
0.0,-0.043408353,0.04340835288167
0.0,0.21800734,-0.21800734102725983
0.0,-0.011948958,0.011948958039283752
0.0,-0.011704591,0.011704591102898121
0.0,-0.013619173,0.01361917331814766
0.0,0.05112649,-0.05112649127840996
0.0,-0.009866903,0.009866902604699135
0.0,0.055790182,-0.05579018220305443
0.044,0.26505566,-0.22105565643310549
0.0,-0.05016218,0.0501621812582016
0.478,0.3861926,0.09180741000175474
0.0,-0.1536693,0.1536692976951599
0.0,-0.036491796,0.036491796374320984
0.0,-0.009136419,0.00913641881197691
0.0,0.055108417,-0.05510841682553291
0.0,-0.278854,0.27885401248931885
0.0,-0.009298513,0.00929851271212101
0.487,0.53284293,-0.045842934131622326
0.0,-0.034025144,0.03402514383196831
2.176,1.8932745,0.2827254543304445
0.0,-0.034617398,0.03461739793419838
0.008,0.06698367,-0.058983669996261597
0.0,-0.04296417,0.04296417161822319
0.0,-0.023565419,0.023565419018268585
0.0,-0.007640844,0.007640844210982323
0.0,-0.017285174,0.017285173758864403
0.0,-0.0030271672,0.003027167171239853
0.0,0.14446396,-0.14446395635604858
0.0,-0.029143728,0.02914372831583023
0.0,-0.012611066,0.012611065991222858
0.0,-0.007884459,0.007884458638727665
0.0,-0.008407722,0.008407722227275372
0.0,-0.058434978,0.05843497812747955
0.0,-0.06624924,0.06624923646450043
0.0,0.04006429,-0.040064290165901184
0.365,0.41239008,-0.04739008307456971
0.0,-0.0059299557,0.005929955746978521
0.0,0.026210085,-0.026210084557533264
0.015,0.030892463,-0.01589246340095997
0.0,-0.0034966548,0.0034966547973454
0.0,-0.058674127,0.058674126863479614
0.0,0.01807734,-0.018077339977025986
0.0,-0.003919845,0.0039198449812829494
0.0,-0.00040950574,0.00040950573747977614
0.0,-0.03192347,0.03192346915602684
0.0,0.0048868526,-0.004886852577328682
0.0,-0.023763014,0.023763014003634453
0.0,-0.03729085,0.037290848791599274
0.0,-0.04173853,0.04173852875828743
0.0,-0.007367384,0.0073673841543495655
0.0,-0.010619465,0.01061946526169777
0.467,0.52494043,-0.05794043111801145
0.0,0.093362845,-0.09336284548044205
12.689,12.720968,-0.03196824645996088
0.0,-0.025245061,0.02524506114423275
0.0,-0.007555958,0.00755595788359642
0.0,-0.0039503495,0.003950349520891905
0.0,-0.008810023,0.008810022845864296
0.0,-0.013386536,0.01338653638958931
0.0,0.017493041,-0.01749304123222828
0.0,-0.007640844,0.007640844210982323
0.0,-0.016068015,0.01606801524758339
0.0,-0.020344106,0.02034410648047924
0.0,0.021946667,-0.02194666676223278
0.196,0.08358597,0.11241402989625932
0.0,-0.012326577,0.012326576747000217
0.102,0.1066346,-0.004634601950645453
0.0,0.017493041,-0.01749304123222828
0.0,-0.09705396,0.09705395996570587
0.0,-0.0046868953,0.004686895292252302
0.0,0.023202246,-0.02320224605500698
0.0,0.12083386,-0.1208338588476181
0.229,0.109761804,0.11923819565773011
0.0,-0.01165555,0.011655550450086594
0.0,0.04990402,-0.04990401864051819
0.0,-0.020344106,0.02034410648047924
0.0,-0.021189645,0.021189644932746887
0.0,-0.020344106,0.02034410648047924
1.066,0.76281536,0.3031846437454224
7.838,8.321992,-0.48399192047119133
0.0,0.11156161,-0.1115616112947464
0.0,-0.0030544626,0.003054462606087327
0.0,-0.03735053,0.03735053166747093
0.0,-0.12016314,0.12016314268112183
0.0,-0.35297516,0.35297515988349915
6.588,5.483129,1.1048709754943848
0.0,0.06286119,-0.06286118924617767
0.0,-0.015362025,0.015362025238573551
3.952,3.3367496,0.61525044631958
0.0,-0.0090324,0.009032400324940681
0.0,-0.0060619796,0.006061979569494724
0.396,0.2714034,0.12459659790992739
0.0,-0.015174255,0.015174254775047302
0.0,-0.00052449893,0.0005244989297352731
0.0,-0.004496909,0.004496909212321043
1.116,0.79390347,0.3220965299606324
0.0,-0.0014749009,0.001474900869652629
3.009,2.6368046,0.37219541931152333
0.0,-0.015174255,0.015174254775047302
0.0,-0.057019636,0.057019636034965515
0.0,-0.014984342,0.014984342269599438
0.0,0.0014997222,-0.001499722246080637
0.0,-0.019337105,0.019337104633450508
1.154,1.6367706,-0.4827706060409547
0.0,0.17852612,-0.1785261183977127
0.0,-0.04930374,0.04930374026298523
0.0,-0.0060586617,0.006058661732822657
0.0,-0.016068015,0.01606801524758339
0.0,-0.008741249,0.008741249330341816
0.0,-0.016705822,0.016705822199583054
0.0,-0.035104558,0.03510455787181854
0.0,-0.0039503495,0.003950349520891905
0.0,-0.12948348,0.12948347628116608
0.0,0.12424555,-0.1242455467581749
0.0,0.108698204,-0.10869820415973663
0.0,0.06286119,-0.06286118924617767
0.0,-0.0042303232,0.004230323247611523
0.0,-0.020810222,0.020810222253203392
0.0,-0.0060586617,0.006058661732822657
0.0,-0.0065969178,0.006596917752176523
0.0,0.003820166,-0.003820165991783142
0.0,-0.007305224,0.00730522396042943
0.015,-0.09464356,0.10964356303215027
0.0,0.08396913,-0.0839691311120987
0.0,0.0032827654,-0.00328276539221406
0.0,-0.03558912,0.03558912128210068
0.0,-0.007879176,0.007879176177084446
0.0,-0.012611066,0.012611065991222858
0.0,-0.007640844,0.007640844210982323
1.586,1.2257599,0.3602401361465455
0.574,0.57178515,0.0022148480415343785
0.164,0.13357359,0.030426408290863044
0.0,-0.021785464,0.021785464137792587
0.0,0.043916184,-0.043916184455156326
0.0,-0.017423918,0.01742391847074032
0.0,-0.014270336,0.014270336367189884
0.079,0.95997864,-0.8809786400794983
0.0,-0.01186802,0.011868019588291645
0.0,-0.029791651,0.02979165129363537
3.446,3.2450626,0.20093741035461443
0.291,0.60230094,-0.31130094194412233
1.036,0.8056655,0.23033450698852542
0.0,0.07095373,-0.07095372676849365
0.0,-0.008760535,0.008760535158216953
0.039,0.45267177,-0.41367176628112795
0.0,-0.012326577,0.012326576747000217
0.0,-0.018573329,0.018573328852653503
0.0,-0.013906653,0.01390665303915739
0.0,-0.007305224,0.00730522396042943
0.0,-0.03417848,0.0341784805059433
2.522,2.2198057,0.3021942825317381
0.0,-0.02478015,0.02478015050292015
0.0,-0.03409705,0.03409704938530922
0.207,0.2308514,-0.023851396918296824
0.0,-0.01868625,0.01868624985218048
2.987,2.6268098,0.36019016456604014
0.0,-0.024860082,0.0248600821942091
0.0,-0.011291867,0.0112918671220541
0.0,-0.034617398,0.03461739793419838
3.462,3.4150822,0.046917783737182805
0.0,0.17055428,-0.1705542802810669
0.0,-0.0038579078,0.0038579078391194344
0.0,0.059842125,-0.059842124581336975
0.0,-0.005394426,0.005394426174461842
0.0,-0.017087486,0.017087485641241074
0.0,-0.006665492,0.0066654919646680355
0.0,-0.032898635,0.03289863467216492
0.0,-0.03735621,0.03735620900988579
0.0,0.0072711403,-0.007271140348166227
0.0,-0.01186802,0.011868019588291645
1.771,2.215622,-0.4446219482421876
0.484,0.24829128,0.2357087161540985
0.0,0.050068907,-0.05006890743970871
0.0,-0.007305224,0.00730522396042943
0.036,0.09383868,-0.05783867681026459
0.101,0.27376324,-0.1727632393836975
0.0,0.0014659116,-0.0014659116277471185
0.0,0.0051120305,-0.005112030543386936
0.0,-0.01714756,0.01714755967259407
0.017,0.4962184,-0.4792184131145477
0.0,-0.06970645,0.06970644742250443
0.0,0.031746566,-0.03174656629562378
0.0,-0.014066972,0.014066971838474274
0.0,-0.0083015,0.008301500231027603
0.0,-0.01381258,0.013812580145895481
0.0,-0.0030544626,0.003054462606087327
0.0,-0.00598601,0.005986010190099478
0.0,-0.028449263,0.02844926342368126
0.846,1.4914658,-0.6454658069610596
0.36,0.65761507,-0.297615065574646
849.976,790.1229,59.8530751953125
0.0,0.21800734,-0.21800734102725983
0.0,-0.016356213,0.01635621301829815
0.375,0.84365124,-0.4686512351036072
0.0,0.0029557615,-0.002955761505290866
0.083,0.5453281,-0.46232808065414427
0.0,-0.014750062,0.014750061556696892
0.0,-0.016068015,0.01606801524758339
0.0,-0.01165555,0.011655550450086594
0.0,-0.0042754747,0.004275474697351456
0.0,-0.005394426,0.005394426174461842
0.0,-0.01395289,0.013952890411019325
0.0,-0.0016413336,0.001641333568841219
0.0,-0.03253495,0.032534949481487274
0.0,-0.009866903,0.009866902604699135
0.0,-0.06517074,0.06517074257135391
0.0,-0.011408298,0.011408298276364803
0.0,-0.007305224,0.00730522396042943
0.0,-0.08762996,0.08762995898723602
0.0,-0.014653673,0.014653673395514488
0.0,0.0014997222,-0.001499722246080637
0.0,-0.014892135,0.014892134815454483
0.0,-0.032768354,0.03276835381984711
0.079,0.6375523,-0.5585523209571839
0.416,0.17680457,0.2391954276561737
0.729,1.2153289,-0.4863289318084717
0.0,0.012323556,-0.012323555536568165
0.0,-0.008065696,0.008065695874392986
0.0,0.0022145766,-0.002214576583355665
0.0,-0.03409705,0.03409704938530922
0.0,-0.010713684,0.010713684372603893
0.0,0.093653925,-0.09365392476320267
0.0,-0.017842185,0.017842184752225876
0.131,0.039237175,0.09176282486319542
0.296,0.45542994,-0.15942994141578676
0.0,-0.014692205,0.014692205004394054
0.124,0.2393857,-0.1153856942653656
0.0,-0.018023465,0.01802346482872963
0.081,0.403778,-0.3227779867649078
0.0,-0.008272155,0.008272155188024044
0.0,0.1689865,-0.1689864993095398
0.0,0.0032459216,-0.0032459215726703405
0.0,-0.04493841,0.04493841156363487
0.0,-0.05194642,0.05194642022252083
0.0,-0.0014749009,0.001474900869652629
0.0,-0.06637054,0.06637053936719894
0.0,0.33454192,-0.334541916847229
0.0,0.18539366,-0.18539366126060486
0.0,-0.018738683,0.018738683313131332
0.0,0.0077899583,-0.007789958268404007
0.0,0.0033852917,-0.0033852916676551104
0.0,-0.06976689,0.06976688653230667
0.193,0.44800994,-0.2550099380016327
0.0,0.04534275,-0.04534275084733963
0.0,-0.007884459,0.007884458638727665
0.0,0.006186301,-0.00618630088865757
0.0,-0.0004953291,0.0004953290917910635
0.0,0.0026805196,-0.0026805195957422256
0.0,-0.03875707,0.038757070899009705
0.0,-0.017785363,0.017785362899303436
0.0,0.24162821,-0.24162821471691132
0.0,0.09041889,-0.09041889011859894
0.0,0.006673299,-0.00667329877614975
0.469,0.48383376,-0.014833760023117093
0.094,0.08869068,0.005309316754341126
0.0,-0.030732855,0.030732855200767517
0.0,0.034563754,-0.03456375375390053
0.0,0.08396913,-0.0839691311120987
0.0,0.0029557615,-0.002955761505290866
0.0,0.0017066457,-0.0017066457075998187
21.048,22.23226,-1.1842597503662127
0.0,-0.0004953291,0.0004953290917910635
0.0,0.14464466,-0.14464466273784637
0.0,-0.0016419209,0.0016419208841398358
0.0,0.0022055514,-0.0022055513691157103
0.0,-0.0093810465,0.009381046518683434
0.0,-0.0014749009,0.001474900869652629
0.563,0.606498,-0.0434980030059815
0.0,-0.06837347,0.06837347149848938
0.0,-0.0060586617,0.006058661732822657
0.0,0.07469931,-0.07469931244850159
0.425,0.52423656,-0.0992365598678589
0.0,0.0051120305,-0.005112030543386936
0.0,0.5880375,-0.5880374908447266
0.0,-0.019411633,0.019411632791161537
1.25,1.1344079,0.1155921220779419
0.0,-0.011704591,0.011704591102898121
0.0,-0.04296417,0.04296417161822319
0.0,-0.01074806,0.010748060420155525
0.0,0.0029557615,-0.002955761505290866
0.185,0.22945376,-0.04445375740528107
0.007,0.021655895,-0.014655894815921784
0.011,0.18586981,-0.17486981296539306
0.0,-0.019438902,0.01943890191614628
0.0,0.029428525,-0.029428524896502495
0.0,0.13787255,-0.13787254691123962
0.0,0.022395894,-0.022395893931388855
0.0,0.046549577,-0.04654957726597786
0.0,0.004525355,-0.004525355063378811
0.0,-0.00393553,0.003935529850423336
149.033,156.3158,-7.282795898437513
0.0,-0.09764569,0.09764569252729416
0.0,-0.00021439513,0.00021439512784127146
0.0,0.1770378,-0.1770378053188324
3.531,3.2464411,0.28455887413024916
0.0,0.00029232388,-0.0002923238789662719
0.0,-0.01848488,0.018484879285097122
0.0,-0.008722413,0.008722413331270218
0.102,0.061417215,0.040582785427570336
0.294,0.22928509,0.06471490883827208
0.0,-0.0072268657,0.007226865738630295
0.0,-0.0028330092,0.0028330092318356037
0.0,-0.0038579078,0.0038579078391194344
0.385,0.53734285,-0.1523428463935852
0.0,0.0018634067,-0.0018634067382663488
0.0,0.003216301,-0.003216301091015339
0.743,0.72043645,0.02256354618072509
0.004,0.015453731,-0.011453730709850788
0.087,0.09767695,-0.01067694771289826
0.0,-0.0059299557,0.005929955746978521
0.0,0.00184919,-0.0018491899827495217
0.0,-0.014676356,0.014676355756819248
0.0,-0.015174255,0.015174254775047302
0.0,-0.0038579078,0.0038579078391194344
0.0,-0.0028248085,0.002824808470904827
0.0,-0.0076866406,0.007686640601605177
0.0,-0.04930374,0.04930374026298523
1.956,1.6081402,0.34785976982116695
1.801,1.3466576,0.45434236621856683
0.0,0.18349475,-0.18349474668502808
1.945,2.5403168,-0.5953168201446533
0.11,0.19075592,-0.0807559186220169
0.0,-0.012974751,0.012974751181900501
0.0,-0.005841124,0.0058411238715052605
0.0,-0.005925148,0.005925147794187069
0.0,-0.009489587,0.00948958657681942
0.0,-0.0083015,0.008301500231027603
0.195,0.32967243,-0.1346724259853363
0.0,-0.009826487,0.009826486930251122
0.0,-0.024631003,0.02463100291788578
0.0,0.2176437,-0.21764369308948517
0.0,0.0036227242,-0.0036227242089807987
0.0,0.037175544,-0.03717554360628128
6.383,5.8222084,0.5607915954589844
0.0,-0.18238007,0.1823800653219223
0.0,0.00025617023,-0.00025617022765800357
0.28,0.24190351,0.038096486330032375
1.089,0.8934432,0.19555677318572995
0.821,0.9225712,-0.10157118225097661
1.13,0.8971107,0.2328892993927001
0.0,-0.007367384,0.0073673841543495655
0.0,-0.015704004,0.01570400409400463
0.0,-0.004213528,0.004213527776300907
0.0,-0.050835285,0.05083528533577919
0.001,0.44781184,-0.4468118419647217
0.0,-0.02967751,0.029677510261535645
0.0,0.23957123,-0.2395712286233902
0.0,-0.015704004,0.01570400409400463
0.0,-0.008536471,0.00853647105395794
0.0,0.003820166,-0.003820165991783142
0.0,0.028744139,-0.028744138777256012
0.0,0.014537608,-0.014537608250975609
0.0,0.0018634067,-0.0018634067382663488
2.293,1.3840292,0.9089708499908449
2.522,2.4467554,0.07524459075927714
0.0,-0.0139501905,0.013950190506875515
0.0,0.022759577,-0.02275957725942135
0.0,-0.0059073507,0.0059073506854474545
0.0,-0.0014749009,0.001474900869652629
0.0,-0.010203132,0.010203132405877113
0.0,0.009818082,-0.009818081744015217
0.029,0.16144869,-0.13244868731498718
2.012,1.3185115,0.6934885139465332
2.319,2.4737175,-0.1547174510955811
0.0,-0.014066972,0.014066971838474274
0.77,1.2824956,-0.5124956178665161
0.0,-0.008639631,0.008639630861580372
0.0,0.16233101,-0.1623310148715973
0.0,-0.1359194,0.13591940701007843
0.0,0.055790182,-0.05579018220305443
0.0,-0.015917435,0.01591743528842926
0.0,-0.012281288,0.012281288392841816
0.0,0.0030216083,-0.0030216083396226168
0.0,0.014537608,-0.014537608250975609
0.0,0.0011763761,-0.0011763761285692453
0.0,-0.019994283,0.019994283095002174
0.0,-0.01833209,0.018332090228796005
11.168,9.589607,1.578392761230468
0.0,-0.011504336,0.011504336260259151
0.797,1.1914848,-0.3944848089218139
0.0,-0.014445166,0.014445166103541851
0.0,-0.0030544626,0.003054462606087327
3.372,2.8345568,0.537443181991577
0.374,0.27599853,0.09800146722793579
0.0,0.00029232388,-0.0002923238789662719
0.0,-0.01165555,0.011655550450086594
0.0,0.052038968,-0.05203896760940552
0.0,0.2176437,-0.21764369308948517
0.037,0.06443033,-0.027430333673954012
0.0,-0.0060586617,0.006058661732822657
0.0,-0.007305224,0.00730522396042943
0.0,0.12652946,-0.12652945518493652
0.0,-0.032768354,0.03276835381984711
0.608,0.7015138,-0.09351382684707643
0.0,0.006186301,-0.00618630088865757
0.243,0.7861738,-0.5431738204956055
0.0,0.03929066,-0.0392906591296196
0.0,-0.009718755,0.009718755260109901
0.0,0.0024839237,-0.002483923686668277
0.893,0.76998013,0.12301986742019655
1.283,1.4077289,-0.12472891044616707
0.0,-0.05235958,0.052359580993652344
0.0,-0.051710673,0.05171067267656326
3.508,4.045085,-0.5370849533081055
1.849,1.6134847,0.2355152597427368
0.081,0.043483652,0.037516347825527194
0.0,-0.009136419,0.00913641881197691
0.42,0.07882945,0.34117054760456084
0.0,-0.033733364,0.03373336419463158
0.0,-0.0066786595,0.0066786594688892365
0.0,-0.009255688,0.009255687706172466
0.0,-0.0066786595,0.0066786594688892365
0.0,-0.0127230575,0.01272305753082037
2.717,2.5337493,0.1832506580352784
0.0,0.002147887,-0.0021478869020938873
0.0,-0.00088882487,0.0008888248703442514
0.0,-0.0046868953,0.004686895292252302
0.0,0.055790182,-0.05579018220305443
0.0,0.020383537,-0.02038353681564331
0.0,-0.005158606,0.005158605985343456
0.3,0.6980609,-0.39806092977523805
0.364,0.5172163,-0.1532163248062134
0.0,0.030658068,-0.030658068135380745
0.0,0.072782904,-0.07278290390968323
0.0,-0.12485542,0.1248554214835167
0.011,0.027147166,-0.016147166430950165
0.0,-0.005925148,0.005925147794187069
0.0,0.14444616,-0.14444616436958313
0.0,0.09200025,-0.09200025349855423
0.629,1.1615744,-0.5325743637084961
0.0,0.05112649,-0.05112649127840996
0.0,-0.03349977,0.03349976986646652
0.0,0.042684402,-0.0426844023168087
0.065,0.09666576,-0.03166576236486435
0.0,0.00081898016,-0.0008189801592379808
0.0,0.052730348,-0.05273034796118736
0.0,-0.019455478,0.019455477595329285
0.833,1.2726189,-0.4396188898086548
17.683,18.46019,-0.7771898193359377
0.0,-0.032768354,0.03276835381984711
0.0,0.0091347415,-0.009134741500020027
0.0,0.018745886,-0.01874588616192341
0.0,-0.04076559,0.04076559096574783
0.0,-0.21821079,0.21821078658103943
0.0,-0.016385308,0.016385307535529137
0.0,-0.016356213,0.01635621301829815
0.477,0.856676,-0.3796759824752808
8.279,7.7545357,0.5244643249511718
0.0,-0.015340323,0.015340322628617287
0.0,0.06790681,-0.06790681183338165
0.0,0.001095052,-0.0010950519936159253
0.078,0.065186165,0.012813834726810455
0.458,0.27867246,0.179327543258667
0.0,-0.0010529577,0.0010529577266424894
0.063,0.19464257,-0.131642573595047
9.787,9.183859,0.6031411285400399
0.0,-0.012295435,0.012295435182750225
0.0,-0.0032507223,0.0032507223077118397
0.208,0.33383042,-0.12583041620254518
0.015,-0.0011323104,0.01613231036812067
0.064,0.09945927,-0.035459268152713774
0.0,-0.01670925,0.01670924946665764
0.0,-0.012253025,0.012253024615347385
0.0,-0.023812674,0.0238126739859581
0.0,-0.007305224,0.00730522396042943
0.0,-0.007520777,0.007520777173340321
0.0,-0.012326577,0.012326576747000217
4.108,3.462493,0.6455070571899411
0.065,-0.17881294,0.2438129359483719
0.0,-0.01574164,0.015741640701889992
0.058,0.09151402,-0.03351402115821838
0.0,-0.008474126,0.00847412645816803
0.0,-0.012326577,0.012326576747000217
0.0,0.026505414,-0.02650541439652443
0.314,0.63158673,-0.3175867304801941
0.0,-0.039721645,0.039721645414829254
0.273,0.56994987,-0.2969498653411865
0.0,-0.017060233,0.017060233280062675
0.0,-0.043342523,0.04334252327680588
0.0,0.051643595,-0.05164359509944916
0.0,0.053215947,-0.05321594700217247
0.0,0.0012711515,-0.0012711514718830585
0.055,0.22256427,-0.16756426513195039
0.0,0.05677507,-0.05677507072687149
0.036,0.29192033,-0.2559203341007233
0.0,0.0067190244,-0.006719024386256933
0.0,-0.027661229,0.02766122855246067
0.0,-0.00052449893,0.0005244989297352731
0.206,0.2602461,-0.054246098041534435
0.0,-0.0024641154,0.00246411538682878
0.0,-0.05016218,0.0501621812582016
0.0,-0.01679435,0.016794349998235703
0.0,-0.010547459,0.010547459125518799
0.015,0.054507524,-0.03950752377510071
0.0,0.03714444,-0.03714444115757942
1.137,1.0484328,0.0885671730041504
0.0,0.011395617,-0.011395617388188839
0.044,0.09761749,-0.053617492079734805
0.0,-0.036997978,0.03699797764420509
0.0,-0.00440881,0.004408809822052717
0.0,-0.045394845,0.04539484530687332
0.178,0.520041,-0.34204098892211915
0.0,0.3481305,-0.3481304943561554
0.0,-0.015525313,0.015525313094258308
0.0,-0.019438902,0.01943890191614628
0.0,0.050432596,-0.05043259635567665
0.402,0.31058964,0.09141035866737368
0.0,-0.01574164,0.015741640701889992
0.079,0.23595974,-0.15695973849296568
0.0,-0.007884459,0.007884458638727665
0.0,0.0711739,-0.07117389887571335
3.809,3.3594296,0.4495704021453859
1.239,1.2269233,0.012076653480529886
0.0,-0.007594124,0.00759412394836545
0.0,0.0037353057,-0.003735305741429329
0.0,-0.009489587,0.00948958657681942
0.0,-0.0055681732,0.005568173248320818
0.0,-0.025245061,0.02524506114423275
0.0,-0.0058803665,0.005880366545170546
0.0,-0.0129295755,0.012929575517773628
0.0,-0.032768987,0.032768987119197845
0.0,-0.058071293,0.05807129293680191
0.486,0.1326246,0.3533754036426544
0.0,-0.003998095,0.003998095169663429
0.0,-0.0093958145,0.009395814500749111
0.0,0.027182555,-0.027182554826140404
2.631,2.150886,0.48011394119262674
4.715,4.8713117,-0.15631166458129897
0.0,-0.08755081,0.0875508114695549
0.0,-0.039721645,0.039721645414829254
0.0,0.06163928,-0.06163927912712097
0.0,0.35345203,-0.35345202684402466
0.0,-0.064709134,0.0647091343998909
0.0,0.0091347415,-0.009134741500020027
0.0,-0.0064972127,0.006497212685644627
0.0,-0.28903073,0.2890307307243347
0.0,-0.019438902,0.01943890191614628
0.0,-0.0072268657,0.007226865738630295
0.0,-0.0039503495,0.003950349520891905
0.0,0.29609454,-0.29609453678131104
0.0,0.022897828,-0.022897828370332718
0.0,-0.0504716,0.05047160014510155
0.405,0.53441626,-0.1294162583351135
0.0,0.0006198536,-0.0006198536138981581
0.0,-0.024860082,0.0248600821942091
0.574,1.0026566,-0.4286565790176392
0.0,0.26748574,-0.26748573780059814
0.0,-0.030470794,0.030470794066786766
0.0,-0.007305224,0.00730522396042943
0.0,-0.001760856,0.0017608560156077147
0.207,0.29330713,-0.0863071255683899
0.0,-0.0113302525,0.011330252513289452
0.0,0.43376505,-0.4337650537490845
0.0,-0.009619373,0.009619372896850109
0.0,-0.04936793,0.04936793074011803
0.0,-0.011291867,0.0112918671220541
0.0,-0.12431426,0.12431426346302032
0.35,0.69366837,-0.34366836547851565
0.407,0.49900815,-0.09200814890861514
0.0,-0.018605687,0.018605686724185944
0.0,0.09429072,-0.09429071843624115
